time (03.10.2023);target (PCB) temperature (C);chiller setpoint (C);chiller temperature (internal) (C);housing temperature (C);sensor box temperature (C);PCB temperature (C);Pt1000 temperature (C);housing humidity (%);sensor box humidity (%)
13:19:05;-18.10;-30.00;-29.99;20.60;-19.40;-18.20;-20.39;16.60;50.30
13:19:07;-18.10;-30.00;-29.98;20.60;-19.40;-18.10;-20.38;16.60;50.30
13:19:09;-18.10;-30.00;-29.98;20.60;-19.40;-18.10;-20.45;16.60;50.30
13:19:11;-18.10;-30.00;-29.97;20.60;-19.40;-18.10;-20.57;16.60;50.30
13:19:13;-18.10;-30.00;-29.97;20.60;-19.30;-18.10;-20.52;16.60;50.30
13:19:15;-18.10;-30.00;-29.98;20.60;-19.30;-18.10;-20.49;16.60;50.30
13:19:17;-18.10;-30.00;-29.98;20.60;-19.40;-18.10;-20.72;16.60;50.30
13:19:19;-18.10;-30.00;-29.99;20.60;-19.40;-18.10;-20.51;16.60;50.40
13:19:21;-18.10;-30.00;-30.00;20.60;-19.40;-18.20;-20.57;16.60;50.40
13:19:23;-18.10;-30.00;-30.02;20.60;-19.30;-18.20;-20.55;16.60;50.40
13:19:25;-18.10;-30.00;-30.02;20.60;-19.40;-18.30;-20.57;16.60;50.30
13:19:27;-18.10;-30.00;-30.01;20.60;-19.40;-18.30;-20.49;16.60;50.30
13:19:29;-18.10;-30.00;-30.02;20.60;-19.40;-18.20;-20.42;16.60;50.40
13:19:31;-18.10;-30.00;-30.03;20.60;-19.40;-18.20;-20.47;16.60;50.30
13:19:33;-18.10;-30.00;-30.02;20.60;-19.30;-18.20;-20.43;16.60;50.40
13:19:35;-18.10;-30.00;-30.01;20.60;-19.40;-18.20;-20.33;16.60;50.40
13:19:37;-18.10;-30.00;-29.99;20.60;-19.40;-18.20;-20.36;16.60;50.50
13:19:39;-18.10;-30.00;-30.00;20.60;-19.30;-18.10;-20.27;16.60;50.50
13:19:41;-18.10;-30.00;-30.00;20.60;-19.30;-18.10;-20.35;16.60;50.50
13:19:43;-18.10;-30.00;-30.00;20.60;-19.40;-18.10;-20.44;16.60;50.50
13:19:45;-18.10;-30.00;-30.01;20.60;-19.30;-18.10;-20.35;16.60;50.40
13:19:53;-18.10;-30.00;-29.99;20.60;-19.30;-18.10;-20.43;16.60;50.50
13:19:55;-18.10;-30.00;-30.01;20.60;-19.30;-18.00;-20.42;16.60;50.50
13:19:57;-18.10;-30.00;-30.00;20.60;-19.30;-18.00;-20.45;16.60;50.50
13:19:59;-18.10;-30.00;-29.99;20.60;-19.30;-18.10;-20.47;16.60;50.50
13:20:01;-18.10;-30.00;-29.99;20.60;-19.40;-18.00;-20.55;16.60;50.50
13:20:03;-18.10;-30.00;-30.00;20.60;-19.40;-18.10;-20.52;16.60;50.50
13:20:05;-18.10;-30.00;-30.02;20.60;-19.40;-18.10;-20.48;16.60;50.40
13:20:07;-18.10;-30.00;-30.03;20.60;-19.40;-18.00;-20.62;16.60;50.40
13:20:09;-18.10;-30.00;-30.01;20.60;-19.40;-18.10;-20.57;16.60;50.40
13:20:11;-18.10;-30.00;-30.01;20.60;-19.40;-18.10;-20.67;16.60;50.40
13:20:13;-18.10;-30.00;-30.02;20.60;-19.40;-18.10;-20.58;16.60;50.40
13:20:15;-18.10;-30.00;-30.02;20.60;-19.40;-18.10;-20.48;16.60;50.50
13:20:17;-18.10;-30.00;-30.01;20.60;-19.40;-18.10;-20.45;16.60;50.50
13:20:19;-18.10;-30.00;-30.00;20.60;-19.40;-18.00;-20.55;16.60;50.50
13:20:21;-18.10;-30.00;-30.00;20.60;-19.40;-18.00;-20.54;16.60;50.50
13:20:23;-18.10;-30.00;-30.01;20.60;-19.40;-18.10;-20.47;16.70;50.50
13:20:25;-18.10;-30.00;-30.01;20.60;-19.40;-18.10;-20.47;16.70;50.50
13:20:27;-18.10;-30.00;-30.02;20.60;-19.40;-18.10;-20.42;16.70;50.50
13:20:29;-18.10;-30.00;-30.02;20.60;-19.40;-18.00;-20.42;16.70;50.60
13:20:31;-18.10;-30.00;-30.02;20.60;-19.30;-18.00;-20.43;16.70;50.60
13:20:33;-18.10;-30.00;-30.03;20.60;-19.40;-18.00;-20.46;16.70;50.70
13:20:35;-18.10;-30.00;-30.01;20.60;-19.40;-18.00;-20.46;16.70;50.70
13:20:37;-18.10;-30.00;-30.00;20.60;-19.40;-18.00;-20.50;16.70;50.70
13:20:39;-18.10;-30.00;-30.00;20.60;-19.40;-18.00;-20.48;16.60;50.70
13:20:41;-18.10;-30.00;-29.99;20.60;-19.30;-18.00;-20.52;16.70;50.60
13:20:43;-18.10;-30.00;-30.00;20.60;-19.30;-18.00;-20.54;16.70;50.70
13:20:45;-18.10;-30.00;-29.99;20.60;-19.40;-18.00;-20.51;16.70;50.70
13:20:47;-18.10;-30.00;-29.99;20.60;-19.40;-18.00;-20.50;16.70;50.70
13:20:49;-18.10;-30.00;-29.98;20.60;-19.30;-18.10;-20.44;16.70;50.70
13:20:51;-18.10;-30.00;-29.98;20.60;-19.30;-18.00;-20.50;16.70;50.70
13:20:53;-18.10;-30.00;-29.99;20.60;-19.40;-18.10;-20.40;16.70;50.70
13:20:55;-18.10;-30.00;-30.02;20.60;-19.40;-18.00;-20.44;16.70;50.70
13:21:02;-18.10;-30.00;-29.99;20.60;-19.40;-18.00;-20.66;16.70;50.80
13:21:03;-18.10;-30.00;-30.00;20.60;-19.40;-18.10;-20.62;16.60;50.70
13:21:05;-18.10;-30.00;-30.01;20.60;-19.40;-18.10;-20.58;16.60;50.70
13:21:07;-18.10;-30.00;-30.00;20.60;-19.40;-18.10;-20.59;16.60;50.70
13:21:09;-18.10;-30.00;-29.98;20.60;-19.40;-18.10;-20.72;16.60;50.70
13:21:11;-18.10;-30.00;-29.98;20.60;-19.40;-18.20;-20.64;16.60;50.70
13:21:13;-18.10;-30.00;-29.99;20.60;-19.30;-18.10;-20.59;16.60;50.70
13:21:15;-18.10;-30.00;-29.99;20.60;-19.30;-18.10;-20.61;16.50;50.70
13:21:17;-18.10;-30.00;-29.99;20.60;-19.30;-18.10;-20.55;16.50;50.70
13:21:19;-18.10;-30.00;-30.00;20.60;-19.30;-18.10;-20.51;16.50;50.80
13:21:21;-18.10;-30.00;-30.02;20.60;-19.30;-18.10;-20.52;16.50;50.80
13:21:23;-18.10;-30.00;-30.02;20.60;-19.30;-18.10;-20.59;16.50;50.80
13:21:25;-18.10;-30.00;-30.02;20.60;-19.30;-18.00;-20.58;16.60;50.80
13:21:27;-18.10;-30.00;-30.01;20.60;-19.30;-18.10;-20.62;16.60;50.80
13:21:29;-18.10;-30.00;-30.00;20.60;-19.30;-18.10;-20.61;16.50;50.80
13:21:31;-18.10;-30.00;-30.01;20.60;-19.30;-18.10;-20.59;16.60;50.80
13:21:33;-18.10;-30.00;-30.01;20.60;-19.30;-18.10;-20.63;16.60;50.80
13:21:35;-18.10;-30.00;-30.00;20.60;-19.30;-18.20;-20.66;16.60;50.80
13:21:37;-18.10;-30.00;-29.98;20.60;-19.30;-18.20;-20.52;16.60;50.80
13:21:39;-18.10;-30.00;-29.99;20.60;-19.40;-18.20;-20.53;16.60;50.80
13:21:41;-18.10;-30.00;-30.00;20.60;-19.30;-18.20;-20.48;16.60;50.80
13:21:43;-18.10;-30.00;-29.99;20.60;-19.30;-18.20;-20.51;16.60;50.80
13:21:45;-18.10;-30.00;-29.99;20.60;-19.30;-18.20;-20.57;16.60;50.80
13:21:47;-18.10;-30.00;-29.98;20.60;-19.30;-18.10;-20.50;16.60;50.80
13:21:49;-18.10;-30.00;-29.99;20.60;-19.30;-18.10;-20.47;16.60;50.80
13:21:51;-18.10;-30.00;-29.99;20.60;-19.30;-18.10;-20.45;16.60;50.80
13:21:53;-18.10;-30.00;-29.99;20.60;-19.30;-18.10;-20.52;16.60;50.80
13:21:55;-18.10;-30.00;-29.99;20.60;-19.40;-18.10;-20.54;16.60;50.80
13:21:57;-18.10;-30.00;-29.99;20.50;-19.30;-18.10;-20.62;16.60;50.80
13:21:59;-18.10;-30.00;-29.99;20.60;-19.30;-18.20;-20.54;16.60;50.80
13:22:01;-18.10;-30.00;-30.00;20.60;-19.30;-18.10;-20.54;16.60;50.80
13:22:03;-18.10;-30.00;-30.00;20.60;-19.30;-18.10;-20.49;16.60;50.80
13:22:05;-18.10;-30.00;-29.99;20.50;-19.30;-18.10;-20.49;16.60;50.70
13:22:07;-18.10;-30.00;-29.99;20.60;-19.30;-18.10;-20.49;16.60;50.70
13:22:09;-18.10;-30.00;-29.98;20.50;-19.30;-18.10;-20.44;16.60;50.70
13:22:11;-18.10;-30.00;-29.99;20.60;-19.30;-18.10;-20.51;16.60;50.70
13:22:13;-18.10;-30.00;-30.00;20.60;-19.30;-18.10;-20.50;16.60;50.80
13:22:15;-18.10;-30.00;-30.00;20.50;-19.30;-18.10;-20.44;16.70;50.80
13:22:17;-18.10;-30.00;-30.01;20.60;-19.30;-18.00;-20.44;16.70;50.80
13:22:19;-18.10;-30.00;-29.98;20.50;-19.30;-18.00;-20.47;16.60;50.80
13:22:21;-18.10;-30.00;-29.97;20.50;-19.30;-18.10;-20.49;16.60;50.70
13:22:23;-18.10;-30.00;-29.97;20.50;-19.30;-18.10;-20.42;16.60;50.70
13:22:25;-18.10;-30.00;-29.98;20.50;-19.30;-18.00;-20.43;16.60;50.80
13:22:27;-18.10;-30.00;-29.98;20.50;-19.30;-18.10;-20.47;16.60;50.80
13:22:29;-18.10;-30.00;-29.98;20.50;-19.30;-18.00;-20.50;16.60;50.70
13:22:31;-18.10;-30.00;-29.98;20.50;-19.30;-18.10;-20.60;16.60;50.70
13:22:33;-18.10;-30.00;-29.98;20.50;-19.30;-18.10;-20.52;16.60;50.70
13:22:35;-18.10;-30.00;-30.00;20.50;-19.30;-18.10;-20.50;16.60;50.80
13:22:37;-18.10;-30.00;-30.00;20.50;-19.30;-18.10;-20.53;16.60;50.80
13:22:39;-18.10;-30.00;-30.00;20.50;-19.30;-18.10;-20.57;16.60;50.80
13:22:41;-18.10;-30.00;-30.01;20.50;-19.30;-18.10;-20.54;16.70;50.70
13:22:43;-18.10;-30.00;-30.01;20.50;-19.30;-18.10;-20.54;16.60;50.70
13:22:45;-18.10;-30.00;-30.01;20.60;-19.30;-18.10;-20.51;16.70;50.70
13:22:47;-18.10;-30.00;-30.01;20.50;-19.30;-18.10;-20.54;16.70;50.80
13:22:49;-18.10;-30.00;-30.02;20.50;-19.30;-18.10;-20.71;16.70;50.80
13:22:51;-18.10;-30.00;-30.02;20.50;-19.30;-18.20;-20.70;16.70;50.80
13:22:53;-18.10;-30.00;-30.01;20.50;-19.30;-18.30;-20.63;16.70;50.80
13:22:55;-18.10;-30.00;-30.00;20.50;-19.30;-18.20;-20.53;16.70;50.70
13:22:57;-18.10;-30.00;-30.00;20.50;-19.30;-18.00;-20.55;16.70;50.70
13:22:59;-18.10;-30.00;-30.00;20.50;-19.40;-18.10;-20.50;16.80;50.80
13:23:01;-18.10;-30.00;-29.99;20.50;-19.40;-18.10;-20.48;16.80;50.70
13:23:03;-18.10;-30.00;-30.00;20.50;-19.30;-18.10;-20.47;16.80;50.70
13:23:05;-18.10;-30.00;-30.00;20.50;-19.40;-18.10;-20.51;16.80;50.70
13:23:07;-18.10;-30.00;-30.02;20.50;-19.30;-18.10;-20.54;16.80;50.70
13:23:09;-18.10;-30.00;-30.02;20.50;-19.40;-18.10;-20.56;16.80;50.70
13:23:11;-18.10;-30.00;-30.03;20.50;-19.30;-18.10;-20.58;16.80;50.70
13:23:13;-18.10;-30.00;-30.01;20.50;-19.40;-18.10;-20.51;16.80;50.70
13:23:15;-18.10;-30.00;-30.01;20.50;-19.30;-18.10;-20.52;16.80;50.70
13:23:17;-18.10;-30.00;-30.01;20.50;-19.30;-18.10;-20.47;16.80;50.70
13:23:19;-18.10;-30.00;-30.03;20.50;-19.30;-18.10;-20.47;16.80;50.70
13:23:21;-18.10;-30.00;-30.01;20.50;-19.30;-18.10;-20.46;16.80;50.70
13:23:23;-18.10;-30.00;-30.02;20.50;-19.30;-18.10;-20.50;16.80;50.80
13:23:25;-18.10;-30.00;-30.02;20.50;-19.30;-18.00;-20.39;16.80;50.70
13:23:27;-18.10;-30.00;-30.02;20.50;-19.30;-18.10;-20.33;16.80;50.70
13:23:29;-18.10;-30.00;-30.01;20.50;-19.30;-18.00;-20.43;16.80;50.70
13:23:31;-18.10;-30.00;-30.00;20.50;-19.30;-18.00;-20.41;16.80;50.70
13:23:33;-18.10;-30.00;-30.00;20.50;-19.30;-18.00;-20.46;16.80;50.70
13:23:35;-18.10;-30.00;-29.99;20.50;-19.30;-18.00;-20.48;16.80;50.80
13:23:37;-18.10;-30.00;-30.00;20.50;-19.30;-18.00;-20.58;16.80;50.80
13:23:39;-18.10;-30.00;-30.01;20.50;-19.30;-18.00;-20.53;16.80;50.70
13:23:41;-18.10;-30.00;-30.02;20.50;-19.30;-18.00;-20.51;16.80;50.80
13:23:43;-18.10;-30.00;-30.03;20.50;-19.30;-18.00;-20.53;16.80;50.70
13:23:45;-18.10;-30.00;-30.03;20.50;-19.30;-18.10;-20.56;16.80;50.70
13:23:47;-18.10;-30.00;-30.03;20.50;-19.30;-18.10;-20.55;16.80;50.70
13:23:49;-18.10;-30.00;-30.03;20.50;-19.30;-18.10;-20.60;16.80;50.70
13:23:51;-18.10;-30.00;-30.03;20.50;-19.30;-18.20;-20.53;16.80;50.70
13:23:53;-18.10;-30.00;-30.02;20.50;-19.40;-18.10;-20.53;16.80;50.70
13:23:55;-18.10;-30.00;-30.00;20.50;-19.30;-18.10;-20.65;16.80;50.70
13:23:57;-18.10;-30.00;-30.00;20.50;-19.30;-18.10;-20.65;16.70;50.70
13:23:59;-18.10;-30.00;-30.00;20.50;-19.40;-18.10;-20.80;16.80;50.70
13:24:01;-18.10;-30.00;-30.00;20.50;-19.40;-18.30;-20.70;16.80;50.60
13:24:03;-18.10;-30.00;-30.01;20.50;-19.40;-18.30;-20.70;16.80;50.60
13:24:05;-18.10;-30.00;-30.01;20.50;-19.40;-18.30;-20.62;16.80;50.60
13:24:07;-18.10;-30.00;-30.01;20.50;-19.40;-18.20;-20.62;16.80;50.70
13:24:09;-18.10;-30.00;-30.00;20.50;-19.40;-18.20;-20.63;16.80;50.70
13:24:11;-18.10;-30.00;-30.00;20.50;-19.30;-18.20;-20.62;16.80;50.60
13:24:13;-18.10;-30.00;-30.00;20.50;-19.40;-18.20;-20.63;16.80;50.60
13:24:15;-18.10;-30.00;-30.00;20.50;-19.40;-18.10;-20.66;16.80;50.60
13:24:17;-18.10;-30.00;-30.00;20.50;-19.40;-18.20;-20.60;16.80;50.60
13:24:19;-18.10;-30.00;-29.99;20.50;-19.40;-18.10;-20.56;16.80;50.60
13:24:26;-18.10;-30.00;-29.97;20.50;-19.30;-18.10;-20.48;16.80;50.60
13:24:27;-18.10;-30.00;-29.97;20.50;-19.40;-18.10;-20.52;16.80;50.70
13:24:29;-18.10;-30.00;-29.99;20.50;-19.40;-18.10;-20.60;16.80;50.70
13:24:31;-18.10;-30.00;-30.00;20.50;-19.30;-18.10;-20.58;16.80;50.70
13:24:33;-18.10;-30.00;-29.99;20.50;-19.40;-18.10;-20.48;16.80;50.70
13:24:35;-18.10;-30.00;-30.01;20.50;-19.40;-18.10;-20.61;16.80;50.70
13:24:37;-18.10;-30.00;-30.01;20.50;-19.40;-18.10;-20.63;16.80;50.70
13:24:39;-18.10;-30.00;-30.00;20.50;-19.40;-18.10;-20.69;16.80;50.70
13:24:41;-18.10;-30.00;-29.99;20.50;-19.40;-18.10;-20.58;16.80;50.70
13:24:43;-18.10;-30.00;-29.99;20.50;-19.40;-18.10;-20.53;16.80;50.80
13:24:45;-18.10;-30.00;-30.00;20.50;-19.40;-18.10;-20.56;16.80;50.70
13:24:47;-18.10;-30.00;-30.01;20.50;-19.40;-18.10;-20.62;16.80;50.70
13:24:49;-18.10;-30.00;-30.01;20.50;-19.40;-18.20;-20.60;16.80;50.70
13:24:51;-18.10;-30.00;-30.00;20.50;-19.40;-18.10;-20.57;16.80;50.70
13:24:53;-18.10;-30.00;-30.00;20.50;-19.40;-18.10;-20.57;16.80;50.70
13:24:55;-18.10;-30.00;-30.01;20.50;-19.40;-18.10;-20.54;16.80;50.70
13:24:57;-18.10;-30.00;-30.02;20.50;-19.40;-18.00;-20.65;16.80;50.70
13:24:59;-18.10;-30.00;-30.03;20.50;-19.40;-18.10;-20.72;16.80;50.80
13:25:01;-18.10;-30.00;-30.01;20.50;-19.40;-18.20;-20.59;16.80;50.70
13:25:03;-18.10;-30.00;-30.02;20.50;-19.40;-18.10;-20.59;16.80;50.80
13:25:05;-18.10;-30.00;-30.03;20.50;-19.30;-18.10;-20.63;16.80;50.80
13:25:07;-18.10;-30.00;-30.02;20.50;-19.40;-18.10;-20.57;16.80;50.80
13:25:10;-18.10;-30.00;-30.01;20.50;-19.40;-18.10;-20.65;16.80;50.90
13:25:11;-18.10;-30.00;-30.00;20.50;-19.40;-18.10;-20.62;16.80;50.90
13:25:13;-18.10;-30.00;-29.99;20.50;-19.40;-18.20;-20.63;16.80;50.90
13:25:15;-18.10;-30.00;-29.98;20.50;-19.40;-18.20;-20.68;16.80;50.90
13:25:17;-18.10;-30.00;-30.00;20.50;-19.40;-18.30;-20.61;16.80;50.90
13:25:19;-18.10;-30.00;-30.01;20.50;-19.40;-18.20;-20.52;16.80;50.90
13:25:21;-18.10;-30.00;-30.01;20.50;-19.40;-18.10;-20.55;16.90;50.90
13:25:23;-18.10;-30.00;-29.98;20.50;-19.40;-18.10;-20.57;16.90;50.90
13:25:25;-18.10;-30.00;-29.97;20.50;-19.40;-18.10;-20.64;16.80;50.90
13:25:27;-18.10;-30.00;-29.98;20.50;-19.40;-18.10;-20.68;16.90;50.80
13:25:29;-18.10;-30.00;-29.99;20.50;-19.40;-18.10;-20.83;16.80;50.90
13:25:31;-18.10;-30.00;-29.99;20.50;-19.40;-18.20;-20.72;16.80;50.90
13:25:33;-18.10;-30.00;-29.99;20.50;-19.40;-18.20;-20.66;16.80;50.90
13:25:35;-18.10;-30.00;-29.98;20.50;-19.40;-18.20;-20.62;16.80;50.90
13:25:37;-18.10;-30.00;-29.98;20.50;-19.40;-18.20;-20.60;16.80;50.90
13:25:39;-18.10;-30.00;-30.00;20.50;-19.30;-18.20;-20.61;16.80;50.80
13:25:41;-18.10;-30.00;-29.99;20.50;-19.40;-18.20;-20.57;16.80;50.80
13:25:43;-18.10;-30.00;-30.00;20.50;-19.40;-18.10;-20.51;16.80;50.90
13:25:45;-18.10;-30.00;-30.01;20.50;-19.40;-18.00;-20.50;16.80;50.90
13:25:47;-18.10;-30.00;-30.00;20.50;-19.40;-18.00;-20.48;16.80;50.80
13:25:49;-18.10;-30.00;-30.00;20.50;-19.40;-18.00;-20.52;16.80;50.80
13:25:51;-18.10;-30.00;-29.99;20.50;-19.40;-18.10;-20.51;16.80;50.80
13:25:53;-18.10;-30.00;-29.98;20.50;-19.40;-18.10;-20.63;16.80;50.80
13:25:55;-18.10;-30.00;-29.98;20.50;-19.40;-18.20;-20.50;16.80;50.80
13:25:57;-18.10;-30.00;-29.99;20.50;-19.40;-18.00;-20.49;16.80;50.80
13:25:59;-18.10;-30.00;-30.01;20.50;-19.40;-18.00;-20.63;16.80;50.80
13:26:01;-18.10;-30.00;-30.03;20.50;-19.40;-18.00;-20.57;16.80;50.90
13:26:03;-18.10;-30.00;-30.03;20.50;-19.40;-18.00;-20.57;16.80;50.90
13:26:05;-18.10;-30.00;-30.02;20.50;-19.40;-18.00;-20.57;16.80;50.90
13:26:08;-18.10;-30.00;-30.02;20.50;-19.40;-18.10;-20.54;16.80;50.90
13:26:09;-18.10;-30.00;-30.00;20.50;-19.40;-18.10;-20.55;16.80;51.00
13:26:11;-18.10;-30.00;-30.00;20.50;-19.40;-18.00;-20.50;16.80;50.90
13:26:13;-18.10;-30.00;-30.01;20.50;-19.40;-18.00;-20.53;16.80;50.90
13:26:15;-18.10;-30.00;-30.01;20.50;-19.40;-18.10;-20.55;16.80;50.90
13:26:17;-18.10;-30.00;-30.02;20.50;-19.40;-18.10;-20.47;16.80;50.90
13:26:19;-18.10;-30.00;-30.01;20.50;-19.40;-18.10;-20.43;16.80;50.90
13:26:21;-18.10;-30.00;-30.00;20.50;-19.40;-18.10;-20.50;16.90;50.90
13:26:23;-18.10;-30.00;-30.01;20.50;-19.40;-18.10;-20.58;16.80;50.90
13:26:25;-18.10;-30.00;-29.99;20.50;-19.40;-18.10;-20.72;16.90;50.90
13:26:27;-18.10;-30.00;-29.99;20.50;-19.40;-18.30;-20.72;16.90;50.90
13:26:29;-18.10;-30.00;-29.99;20.50;-19.40;-18.30;-20.67;16.90;50.90
13:26:31;-18.10;-30.00;-30.00;20.50;-19.40;-18.30;-20.59;16.90;50.90
13:26:33;-18.10;-30.00;-30.01;20.50;-19.40;-18.30;-20.62;16.90;50.80
13:26:35;-18.10;-30.00;-30.00;20.50;-19.40;-18.30;-20.69;16.90;50.90
13:26:37;-18.10;-30.00;-30.00;20.50;-19.40;-18.20;-20.57;16.90;50.90
13:26:39;-18.10;-30.00;-30.00;20.50;-19.40;-18.10;-20.58;16.90;50.90
13:26:41;-18.10;-30.00;-29.99;20.50;-19.40;-18.10;-20.51;16.90;50.90
13:26:43;-18.10;-30.00;-29.97;20.50;-19.40;-18.10;-20.47;16.90;50.90
13:26:45;-18.10;-30.00;-29.97;20.50;-19.30;-18.10;-20.62;16.90;50.90
13:26:47;-18.10;-30.00;-29.98;20.50;-19.40;-18.10;-20.57;16.90;50.90
13:26:49;-18.10;-30.00;-29.99;20.50;-19.40;-18.10;-20.48;16.90;50.90
13:26:51;-18.10;-30.00;-29.98;20.50;-19.30;-18.10;-20.47;17.00;50.90
13:26:53;-18.10;-30.00;-29.98;20.50;-19.30;-18.10;-20.40;16.90;51.00
13:26:55;-18.10;-30.00;-29.99;20.50;-19.40;-18.00;-20.44;16.90;50.90
13:26:57;-18.10;-30.00;-29.99;20.50;-19.30;-18.00;-20.44;16.90;50.90
13:26:59;-18.10;-30.00;-30.00;20.50;-19.30;-18.00;-20.49;16.90;50.90
13:27:01;-18.10;-30.00;-29.99;20.50;-19.30;-18.00;-20.48;16.90;51.00
13:27:03;-18.10;-30.00;-29.97;20.50;-19.30;-18.00;-20.47;16.90;50.90
13:27:05;-18.10;-30.00;-29.97;20.50;-19.30;-18.10;-20.57;16.90;50.90
13:27:07;-18.10;-30.00;-29.96;20.50;-19.30;-18.00;-20.48;16.90;50.90
13:27:09;-18.10;-30.00;-29.96;20.50;-19.30;-18.00;-20.47;16.90;50.90
13:27:11;-18.10;-30.00;-29.96;20.50;-19.30;-18.00;-20.68;17.00;50.90
13:27:13;-18.10;-30.00;-30.00;20.50;-19.30;-18.10;-20.74;16.90;50.90
13:27:16;-18.10;-30.00;-30.01;20.50;-19.30;-18.10;-20.59;17.00;50.90
13:27:17;-18.10;-30.00;-30.01;20.50;-19.30;-18.20;-20.62;16.90;51.00
13:27:19;-18.10;-30.00;-30.00;20.50;-19.30;-18.20;-20.83;16.90;51.00
13:27:22;-18.10;-30.00;-30.00;20.50;-19.30;-18.30;-20.81;16.90;50.90
13:27:23;-18.10;-30.00;-30.01;20.50;-19.30;-18.30;-20.66;16.90;51.00
13:27:26;-18.10;-30.00;-30.02;20.50;-19.40;-18.30;-20.72;16.90;51.00
13:27:28;-18.10;-30.00;-30.02;20.50;-19.30;-18.20;-20.76;16.90;51.00
13:27:29;-18.10;-30.00;-30.02;20.50;-19.30;-18.20;-20.74;16.90;51.00
13:27:31;-18.10;-30.00;-30.02;20.50;-19.30;-18.20;-20.59;16.90;51.00
13:27:34;-18.10;-30.00;-30.03;20.50;-19.30;-18.20;-20.53;16.90;51.00
13:27:35;-18.10;-30.00;-30.02;20.50;-19.30;-18.10;-20.52;16.90;51.00
13:27:38;-18.10;-30.00;-30.03;20.50;-19.30;-18.10;-20.52;16.90;51.10
13:27:40;-18.10;-30.00;-30.02;20.50;-19.30;-18.10;-20.50;16.90;51.10
13:27:42;-18.10;-30.00;-30.01;20.50;-19.30;-18.10;-20.52;17.00;51.00
13:27:43;-18.10;-30.00;-30.01;20.50;-19.30;-18.00;-20.51;16.90;51.00
13:27:45;-18.10;-30.00;-30.02;20.50;-19.30;-18.00;-20.47;16.90;51.00
13:27:47;-18.10;-30.00;-30.02;20.50;-19.30;-18.00;-20.45;16.90;51.00
13:27:53;-18.10;-30.00;-30.01;20.50;-19.30;-17.90;-20.61;16.80;51.10
13:27:55;-18.10;-30.00;-29.99;20.50;-19.30;-18.10;-20.55;16.80;51.00
13:27:57;-18.10;-30.00;-29.97;20.50;-19.30;-18.10;-20.54;16.80;51.00
13:27:59;-18.10;-30.00;-29.97;20.50;-19.30;-18.10;-20.60;16.80;50.90
13:28:02;-18.10;-30.00;-29.98;20.50;-19.30;-18.10;-20.63;16.80;51.00
13:28:03;-18.10;-30.00;-29.99;20.50;-19.30;-18.10;-20.58;16.80;51.00
13:28:05;-18.10;-30.00;-30.00;20.50;-19.30;-18.10;-20.63;16.80;50.90
13:28:07;-18.10;-30.00;-30.00;20.50;-19.30;-18.10;-20.62;16.80;51.00
13:28:09;-18.10;-30.00;-30.00;20.50;-19.30;-18.10;-20.59;16.80;51.00
13:28:11;-18.10;-30.00;-30.00;20.50;-19.30;-18.20;-20.58;16.80;51.00
13:28:14;-18.10;-30.00;-30.00;20.50;-19.30;-18.10;-20.54;16.80;51.00
13:28:15;-18.10;-30.00;-30.00;20.50;-19.30;-18.00;-20.52;16.80;51.00
13:28:17;-18.10;-30.00;-30.00;20.50;-19.30;-18.10;-20.48;16.80;51.00
13:28:19;-18.10;-30.00;-30.00;20.50;-19.30;-18.10;-20.48;16.80;51.00
13:28:21;-18.10;-30.00;-29.99;20.50;-19.30;-18.10;-20.58;16.80;51.00
13:28:24;-18.10;-30.00;-29.98;20.50;-19.30;-18.10;-20.58;16.80;51.10
13:28:25;-18.10;-30.00;-29.99;20.50;-19.30;-18.20;-20.53;16.80;51.10
13:28:27;-18.10;-30.00;-30.01;20.50;-19.30;-18.10;-20.52;16.80;51.10
13:28:30;-18.10;-30.00;-30.02;20.50;-19.30;-18.10;-20.55;16.80;51.10
13:28:31;-18.10;-30.00;-30.01;20.50;-19.30;-18.10;-20.54;16.80;51.10
13:28:33;-18.10;-30.00;-29.99;20.50;-19.30;-18.10;-20.51;16.80;51.00
13:28:35;-18.10;-30.00;-29.99;20.50;-19.30;-18.10;-20.49;16.80;51.10
13:28:37;-18.10;-30.00;-30.00;20.50;-19.30;-18.00;-20.47;16.90;51.00
13:28:39;-18.10;-30.00;-30.00;20.50;-19.30;-17.90;-20.50;16.90;51.00
13:28:41;-18.10;-30.00;-30.00;20.50;-19.30;-18.00;-20.58;16.90;51.00
13:28:43;-18.10;-30.00;-30.00;20.50;-19.30;-18.00;-20.67;16.90;51.00
13:28:45;-18.10;-30.00;-30.00;20.50;-19.30;-18.10;-20.70;16.90;51.00
13:28:47;-18.10;-30.00;-30.00;20.50;-19.30;-18.10;-20.63;16.90;51.00
13:28:50;-18.10;-30.00;-29.99;20.50;-19.30;-18.10;-20.63;16.80;51.00
13:28:51;-18.10;-30.00;-29.99;20.50;-19.30;-18.10;-20.53;16.80;51.00
13:28:53;-18.10;-30.00;-29.99;20.50;-19.30;-18.10;-20.55;16.80;51.00
13:28:55;-18.10;-30.00;-30.00;20.50;-19.30;-18.10;-20.49;16.90;51.00
13:28:57;-18.10;-30.00;-30.00;20.50;-19.30;-18.10;-20.46;16.90;51.00
13:28:59;-18.10;-30.00;-29.99;20.50;-19.30;-18.10;-20.51;16.90;51.00
13:29:02;-18.10;-30.00;-29.99;20.50;-19.30;-18.10;-20.56;16.90;51.00
13:29:04;-18.10;-30.00;-30.00;20.50;-19.30;-18.10;-20.60;16.80;51.00
13:29:06;-18.10;-30.00;-30.00;20.50;-19.30;-18.10;-20.64;16.90;51.10
13:29:07;-18.10;-30.00;-29.99;20.50;-19.30;-18.10;-20.59;16.90;51.00
13:29:09;-18.10;-30.00;-30.01;20.50;-19.30;-18.10;-20.63;16.90;51.00
13:29:12;-18.10;-30.00;-30.02;20.50;-19.30;-18.10;-20.69;16.90;51.00
13:29:13;-18.10;-30.00;-30.02;20.50;-19.30;-18.10;-20.64;16.80;51.00
13:29:16;-18.10;-30.00;-30.01;20.50;-19.30;-18.10;-20.73;16.80;51.00
13:29:17;-18.10;-30.00;-30.01;20.50;-19.30;-18.10;-20.72;16.90;51.00
13:29:19;-18.10;-30.00;-29.98;20.50;-19.30;-18.10;-20.64;16.90;51.00
13:29:21;-18.10;-30.00;-29.98;20.50;-19.30;-18.20;-20.57;16.80;51.00
13:29:23;-18.10;-30.00;-29.99;20.50;-19.30;-18.20;-20.59;16.90;51.10
13:29:25;-18.10;-30.00;-29.98;20.50;-19.30;-18.20;-20.54;16.90;51.10
13:29:27;-18.10;-30.00;-29.97;20.50;-19.30;-18.20;-20.47;16.90;51.10
13:29:29;-18.10;-30.00;-29.96;20.50;-19.30;-18.20;-20.51;16.90;51.10
13:29:31;-18.10;-30.00;-29.97;20.50;-19.30;-18.10;-20.47;16.90;51.10
13:29:33;-18.10;-30.00;-29.99;20.50;-19.30;-18.10;-20.51;16.90;51.20
13:29:35;-18.10;-30.00;-30.01;20.50;-19.30;-18.10;-20.52;16.80;51.10
13:29:37;-18.10;-30.00;-30.02;20.50;-19.30;-18.10;-20.54;16.80;51.10
13:29:39;-18.10;-30.00;-30.01;20.50;-19.30;-18.10;-20.48;16.80;51.10
13:29:41;-18.10;-30.00;-30.02;20.50;-19.30;-18.00;-20.48;16.80;51.20
13:29:43;-18.10;-30.00;-30.03;20.50;-19.30;-18.10;-20.57;16.80;51.10
13:29:45;-18.10;-30.00;-30.01;20.50;-19.30;-18.10;-20.50;16.80;51.10
13:29:47;-18.10;-30.00;-30.00;20.50;-19.30;-18.10;-20.51;16.90;51.00
13:29:49;-18.10;-30.00;-29.99;20.50;-19.30;-18.10;-20.58;16.80;51.10
13:29:51;-18.10;-30.00;-29.99;20.50;-19.30;-18.10;-20.51;16.90;51.00
13:29:53;-18.10;-30.00;-30.00;20.50;-19.30;-18.10;-20.56;16.80;51.00
13:29:55;-18.10;-30.00;-30.01;20.40;-19.30;-18.10;-20.69;16.90;51.00
13:29:57;-18.10;-30.00;-30.01;20.50;-19.30;-18.10;-20.63;16.80;50.90
13:29:59;-18.10;-30.00;-30.00;20.50;-19.30;-18.10;-20.54;16.90;51.00
13:30:01;-18.10;-30.00;-29.99;20.50;-19.30;-18.10;-20.50;16.90;51.00
13:30:03;-18.10;-30.00;-30.00;20.50;-19.30;-18.10;-20.54;16.90;50.90
13:30:05;-18.10;-30.00;-29.98;20.50;-19.30;-18.10;-20.60;16.80;51.00
13:30:07;-18.10;-30.00;-29.99;20.50;-19.30;-18.20;-20.57;16.80;51.00
13:30:09;-18.10;-30.00;-30.00;20.50;-19.30;-18.20;-20.52;16.90;50.90
13:30:11;-18.10;-30.00;-30.01;20.50;-19.30;-18.10;-20.46;16.90;50.90
13:30:13;-18.10;-30.00;-30.01;20.50;-19.30;-18.10;-20.47;16.90;51.00
13:30:15;-18.10;-30.00;-30.00;20.50;-19.30;-18.10;-20.43;16.90;50.90
13:30:17;-18.10;-30.00;-29.99;20.40;-19.30;-18.10;-20.50;16.90;50.90
13:30:19;-18.10;-30.00;-29.99;20.40;-19.30;-18.10;-20.51;16.90;50.90
13:30:21;-18.10;-30.00;-30.00;20.50;-19.30;-18.10;-20.43;16.90;51.00
13:30:23;-18.10;-30.00;-29.99;20.40;-19.30;-18.10;-20.44;16.90;51.00
13:30:25;-18.10;-30.00;-29.99;20.40;-19.30;-18.10;-20.43;16.90;51.00
13:30:27;-18.10;-30.00;-30.01;20.50;-19.30;-18.10;-20.57;16.90;51.00
13:30:29;-18.10;-30.00;-30.02;20.40;-19.30;-18.20;-20.60;16.90;51.00
13:30:31;-18.10;-30.00;-30.02;20.40;-19.30;-18.20;-20.57;16.90;51.00
13:30:33;-18.10;-30.00;-30.02;20.40;-19.30;-18.20;-20.54;16.90;51.00
13:30:35;-18.10;-30.00;-30.02;20.40;-19.30;-18.10;-20.50;16.90;51.00
13:30:37;-18.10;-30.00;-30.01;20.40;-19.30;-18.10;-20.51;16.90;51.00
13:30:39;-18.10;-30.00;-30.00;20.40;-19.30;-18.10;-20.48;16.90;51.00
13:30:41;-18.10;-30.00;-30.00;20.40;-19.30;-18.10;-20.44;16.90;51.00
13:30:43;-18.10;-30.00;-30.00;20.40;-19.30;-18.00;-20.40;16.90;51.00
13:30:45;-18.10;-30.00;-30.02;20.40;-19.30;-18.10;-20.65;16.90;50.90
13:30:47;-18.10;-30.00;-30.02;20.40;-19.30;-18.30;-20.63;16.90;51.00
13:30:49;-18.10;-30.00;-30.01;20.40;-19.40;-18.30;-20.55;16.90;51.00
13:30:51;-18.10;-30.00;-30.01;20.40;-19.30;-18.30;-20.67;16.90;50.90
13:30:53;-18.10;-30.00;-30.00;20.40;-19.30;-18.30;-20.54;16.90;51.00
13:30:55;-18.10;-30.00;-29.99;20.40;-19.30;-18.30;-20.46;16.90;50.90
13:30:57;-18.10;-30.00;-29.99;20.40;-19.40;-18.10;-20.44;16.90;50.90
13:30:59;-18.10;-30.00;-29.98;20.40;-19.30;-18.10;-20.43;16.90;51.00
13:31:01;-18.10;-30.00;-30.00;20.40;-19.30;-18.10;-20.50;16.90;51.00
13:31:03;-18.10;-30.00;-30.02;20.40;-19.30;-18.20;-20.42;16.90;51.00
13:31:05;-18.10;-30.00;-30.03;20.40;-19.40;-18.10;-20.35;16.90;50.90
13:31:07;-18.10;-30.00;-30.03;20.40;-19.30;-18.00;-20.32;16.90;50.90
13:31:09;-18.10;-30.00;-30.03;20.40;-19.30;-18.10;-20.34;16.90;50.90
13:31:11;-18.10;-30.00;-30.01;20.40;-19.30;-18.00;-20.41;17.00;50.90
13:31:13;-18.10;-30.00;-30.00;20.40;-19.30;-18.10;-20.36;16.90;50.90
13:31:15;-18.10;-30.00;-29.98;20.40;-19.40;-18.10;-20.44;16.90;51.00
13:31:17;-18.10;-30.00;-30.00;20.40;-19.40;-18.10;-20.43;16.90;51.00
13:31:19;-18.10;-30.00;-30.00;20.40;-19.30;-18.10;-20.46;16.90;50.90
13:31:21;-18.10;-30.00;-30.00;20.40;-19.30;-18.10;-20.41;16.90;50.90
13:31:23;-18.10;-30.00;-30.00;20.40;-19.40;-18.10;-20.42;16.90;51.00
