time (27.02.2024);target (PCB) temperature (C);chiller setpoint (C);chiller temperature (internal) (C);housing temperature (C);sensor box temperature (C);PCB temperature (C);Pt1000 temperature (C);housing humidity (%);sensor box humidity (%)
12:59:29;-18.10;-30.00;-30.03;17.40;-19.00;-18.10;-18.48;13.60;5.00
12:59:31;-18.10;-30.00;-30.02;17.40;-19.00;-18.10;-18.48;13.60;4.90
12:59:33;-18.10;-30.00;-30.00;17.40;-19.00;-18.10;-18.49;13.60;4.90
12:59:35;-18.10;-30.00;-30.01;17.40;-19.00;-18.00;-18.49;13.60;4.90
12:59:37;-18.10;-30.00;-30.02;17.40;-19.00;-18.10;-18.48;13.60;4.90
12:59:39;-18.10;-30.00;-30.01;17.40;-19.00;-18.00;-18.49;13.60;4.90
12:59:41;-18.10;-30.00;-30.02;17.40;-19.00;-18.00;-18.49;13.60;4.90
12:59:43;-18.10;-30.00;-30.00;17.40;-19.00;-18.00;-18.49;13.60;4.90
12:59:48;-18.10;-30.00;-29.99;17.40;-19.00;-18.00;-18.49;13.60;4.90
12:59:51;-18.10;-30.00;-30.00;17.40;-19.00;-18.00;-18.49;13.60;4.90
12:59:53;-18.10;-30.00;-29.97;17.40;-18.90;-18.00;-18.48;13.60;4.90
12:59:55;-18.10;-30.00;-29.99;17.40;-18.90;-18.00;-18.50;13.60;4.80
12:59:57;-18.10;-30.00;-30.00;17.40;-18.90;-18.00;-18.47;13.60;4.80
12:59:59;-18.10;-30.00;-30.00;17.40;-18.90;-18.00;-18.49;13.60;4.80
13:00:01;-18.10;-30.00;-30.01;17.40;-18.90;-18.00;-18.48;13.60;4.90
13:00:03;-18.10;-30.00;-30.02;17.40;-18.90;-18.00;-18.50;13.60;4.90
13:00:05;-18.10;-30.00;-30.02;17.40;-18.90;-18.00;-18.52;13.60;4.90
13:00:07;-18.10;-30.00;-30.03;17.40;-18.90;-18.10;-18.52;13.60;4.90
13:00:09;-18.10;-30.00;-30.02;17.40;-18.90;-18.10;-18.55;13.60;4.90
13:00:11;-18.10;-30.00;-30.01;17.40;-18.90;-18.10;-18.57;13.60;4.90
13:00:16;-18.10;-30.00;-30.01;17.40;-18.90;-18.10;-18.54;13.60;4.90
13:00:17;-18.10;-30.00;-29.99;17.40;-18.90;-18.10;-18.53;13.60;4.90
13:00:19;-18.10;-30.00;-29.99;17.40;-18.90;-18.10;-18.50;13.60;4.90
13:00:21;-18.10;-30.00;-30.00;17.40;-18.90;-18.10;-18.53;13.60;4.90
13:00:23;-18.10;-30.00;-30.00;17.40;-19.00;-18.10;-18.53;13.50;4.90
13:00:25;-18.10;-30.00;-29.98;17.40;-19.00;-18.10;-18.54;13.50;4.90
13:00:27;-18.10;-30.00;-29.97;17.40;-18.90;-18.10;-18.56;13.60;4.90
13:00:29;-18.10;-30.00;-29.99;17.40;-19.00;-18.10;-18.54;13.60;4.90
13:00:31;-18.10;-30.00;-29.97;17.40;-18.90;-18.10;-18.56;13.60;4.90
13:00:33;-18.10;-30.00;-29.97;17.40;-19.00;-18.10;-18.58;13.60;4.90
13:00:35;-18.10;-30.00;-29.99;17.40;-18.90;-18.20;-18.55;13.50;4.80
13:00:37;-18.10;-30.00;-30.01;17.40;-19.00;-18.20;-18.55;13.60;4.90
13:00:39;-18.10;-30.00;-30.03;17.40;-19.00;-18.20;-18.54;13.60;4.90
13:00:41;-18.10;-30.00;-30.02;17.40;-19.00;-18.20;-18.53;13.60;4.90
13:00:43;-18.10;-30.00;-29.99;17.40;-19.00;-18.10;-18.54;13.60;4.90
13:00:45;-18.10;-30.00;-29.98;17.40;-19.00;-18.20;-18.52;13.60;4.90
13:00:47;-18.10;-30.00;-30.00;17.40;-19.00;-18.20;-18.51;13.60;4.90
13:00:49;-18.10;-30.00;-30.00;17.40;-19.00;-18.20;-18.52;13.60;4.90
13:00:51;-18.10;-30.00;-30.02;17.40;-19.00;-18.20;-18.48;13.60;4.90
13:00:53;-18.10;-30.00;-30.02;17.40;-19.00;-18.20;-18.48;13.60;4.90
13:00:55;-18.10;-30.00;-30.02;17.40;-19.00;-18.20;-18.45;13.60;4.90
13:00:57;-18.10;-30.00;-30.02;17.40;-18.90;-18.20;-18.45;13.60;4.90
13:00:59;-18.10;-30.00;-30.02;17.40;-19.00;-18.20;-18.47;13.60;5.00
13:01:01;-18.10;-30.00;-30.00;17.40;-19.00;-18.20;-18.48;13.60;4.90
13:01:03;-18.10;-30.00;-30.00;17.40;-19.00;-18.10;-18.45;13.60;4.90
13:01:05;-18.10;-30.00;-30.01;17.40;-19.00;-18.10;-18.46;13.60;4.90
13:01:07;-18.10;-30.00;-30.02;17.40;-19.00;-18.10;-18.45;13.60;4.90
13:01:09;-18.10;-30.00;-30.01;17.40;-18.90;-18.00;-18.46;13.60;4.90
13:01:11;-18.10;-30.00;-30.02;17.40;-18.90;-18.00;-18.46;13.60;4.90
13:01:13;-18.10;-30.00;-30.02;17.40;-19.00;-18.10;-18.46;13.60;4.90
13:01:15;-18.10;-30.00;-30.01;17.40;-18.90;-18.10;-18.43;13.60;4.90
13:01:17;-18.10;-30.00;-29.99;17.40;-18.90;-18.10;-18.46;13.60;4.90
13:01:19;-18.10;-30.00;-29.99;17.40;-18.90;-18.00;-18.47;13.60;4.90
13:01:21;-18.10;-30.00;-30.00;17.40;-18.90;-18.10;-18.48;13.60;4.90
13:01:23;-18.10;-30.00;-30.00;17.40;-18.90;-18.10;-18.48;13.60;4.90
13:01:25;-18.10;-30.00;-30.00;17.40;-18.90;-18.10;-18.46;13.60;5.00
13:01:27;-18.10;-30.00;-30.02;17.40;-18.90;-18.10;-18.44;13.60;4.90
13:01:29;-18.10;-30.00;-29.99;17.40;-18.90;-18.10;-18.47;13.60;4.80
13:01:31;-18.10;-30.00;-29.98;17.40;-19.00;-18.10;-18.47;13.60;5.00
13:01:33;-18.10;-30.00;-29.97;17.40;-18.90;-18.10;-18.46;13.60;4.90
13:01:35;-18.10;-30.00;-29.96;17.40;-18.90;-18.10;-18.51;13.60;4.90
13:01:37;-18.10;-30.00;-29.98;17.40;-19.00;-18.10;-18.52;13.60;4.90
13:01:39;-18.10;-30.00;-30.00;17.40;-19.00;-18.10;-18.51;13.60;4.90
13:01:41;-18.10;-30.00;-30.02;17.40;-19.00;-18.10;-18.51;13.60;4.90
13:01:43;-18.10;-30.00;-30.01;17.40;-19.00;-18.20;-18.52;13.60;4.90
13:01:45;-18.10;-30.00;-30.01;17.40;-19.00;-18.10;-18.50;13.60;4.80
13:01:47;-18.10;-30.00;-30.01;17.40;-18.90;-18.10;-18.48;13.60;4.90
13:01:49;-18.10;-30.00;-30.02;17.40;-18.90;-18.10;-18.49;13.60;4.90
13:01:51;-18.10;-30.00;-30.00;17.40;-19.00;-18.10;-18.49;13.60;4.90
13:01:53;-18.10;-30.00;-30.00;17.40;-18.90;-18.10;-18.47;13.50;4.80
13:01:55;-18.10;-30.00;-30.00;17.40;-19.00;-18.10;-18.47;13.60;4.90
13:01:57;-18.10;-30.00;-30.02;17.40;-19.00;-18.10;-18.47;13.50;4.90
13:01:59;-18.10;-30.00;-30.02;17.40;-18.90;-18.10;-18.50;13.60;4.90
13:02:01;-18.10;-30.00;-30.01;17.40;-18.90;-18.10;-18.52;13.60;4.90
13:02:05;-18.10;-30.00;-30.00;17.40;-18.90;-18.10;-18.53;13.60;4.80
13:02:07;-18.10;-30.00;-30.00;17.40;-18.90;-18.10;-18.54;13.60;4.90
13:02:09;-18.10;-30.00;-30.00;17.40;-19.00;-18.10;-18.54;13.60;4.90
13:02:11;-18.10;-30.00;-30.02;17.40;-19.00;-18.20;-18.52;13.60;4.90
13:02:13;-18.10;-30.00;-30.02;17.40;-19.00;-18.10;-18.48;13.60;4.90
13:02:15;-18.10;-30.00;-30.02;17.40;-19.00;-18.10;-18.50;13.60;4.90
13:02:17;-18.10;-30.00;-30.00;17.40;-19.00;-18.10;-18.53;13.60;4.90
13:02:19;-18.10;-30.00;-29.99;17.40;-19.00;-18.10;-18.52;13.60;4.80
13:02:21;-18.10;-30.00;-29.98;17.40;-19.00;-18.10;-18.50;13.50;4.90
13:02:23;-18.10;-30.00;-29.98;17.40;-19.00;-18.10;-18.50;13.60;5.00
13:02:25;-18.10;-30.00;-29.98;17.40;-19.00;-18.10;-18.54;13.60;4.90
13:02:27;-18.10;-30.00;-29.99;17.40;-19.00;-18.10;-18.57;13.50;4.90
13:02:29;-18.10;-30.00;-30.00;17.40;-19.00;-18.10;-18.54;13.50;4.90
13:02:31;-18.10;-30.00;-30.00;17.40;-19.00;-18.10;-18.57;13.50;4.90
13:02:33;-18.10;-30.00;-29.99;17.40;-19.00;-18.20;-18.57;13.60;4.90
13:02:35;-18.10;-30.00;-29.99;17.40;-19.00;-18.20;-18.55;13.60;4.90
13:02:37;-18.10;-30.00;-30.01;17.40;-19.00;-18.10;-18.53;13.60;4.90
13:02:39;-18.10;-30.00;-30.00;17.40;-19.00;-18.10;-18.51;13.60;4.90
13:02:41;-18.10;-30.00;-30.01;17.40;-19.00;-18.10;-18.52;13.60;4.90
13:02:43;-18.10;-30.00;-30.00;17.40;-19.00;-18.10;-18.52;13.60;4.80
13:02:45;-18.10;-30.00;-30.00;17.40;-19.00;-18.10;-18.50;13.60;4.90
13:02:47;-18.10;-30.00;-30.00;17.40;-19.00;-18.10;-18.51;13.60;4.90
13:02:49;-18.10;-30.00;-30.02;17.40;-19.00;-18.10;-18.50;13.60;4.90
13:02:51;-18.10;-30.00;-30.02;17.40;-19.00;-18.10;-18.47;13.60;4.90
13:02:53;-18.10;-30.00;-30.01;17.40;-19.00;-18.10;-18.51;13.60;4.90
13:02:55;-18.10;-30.00;-30.01;17.40;-19.00;-18.10;-18.51;13.60;4.90
13:02:57;-18.10;-30.00;-30.02;17.40;-19.00;-18.10;-18.47;13.60;4.90
13:02:59;-18.10;-30.00;-30.01;17.40;-19.00;-18.10;-18.46;13.60;4.90
13:03:01;-18.10;-30.00;-29.95;17.40;-19.00;-18.10;-18.48;13.60;4.90
13:03:03;-18.10;-30.00;-29.97;17.40;-19.00;-18.10;-18.48;13.60;4.90
13:03:05;-18.10;-30.00;-30.00;17.40;-18.90;-18.10;-18.51;13.60;4.90
13:03:07;-18.10;-30.00;-30.00;17.40;-19.00;-18.10;-18.50;13.50;4.90
13:03:09;-18.10;-30.00;-30.00;17.40;-19.00;-18.10;-18.50;13.50;4.90
13:03:11;-18.10;-30.00;-30.00;17.40;-19.00;-18.10;-18.48;13.50;4.90
13:03:13;-18.10;-30.00;-29.98;17.40;-19.00;-18.10;-18.49;13.50;4.90
13:03:15;-18.10;-30.00;-29.98;17.40;-19.00;-18.10;-18.47;13.50;4.90
13:03:17;-18.10;-30.00;-29.99;17.40;-19.00;-18.10;-18.48;13.50;5.00
13:03:19;-18.10;-30.00;-30.00;17.40;-19.00;-18.10;-18.50;13.50;4.90
13:03:21;-18.10;-30.00;-30.01;17.40;-19.00;-18.10;-18.47;13.50;4.90
13:03:23;-18.10;-30.00;-30.02;17.40;-19.00;-18.10;-18.45;13.50;4.90
13:03:25;-18.10;-30.00;-30.01;17.40;-19.00;-18.10;-18.46;13.60;4.90
13:03:27;-18.10;-30.00;-30.00;17.40;-19.00;-18.10;-18.44;13.60;4.90
13:03:29;-18.10;-30.00;-29.98;17.40;-19.00;-18.10;-18.47;13.60;4.80
13:03:31;-18.10;-30.00;-29.96;17.40;-19.00;-18.10;-18.48;13.60;4.80
13:03:33;-18.10;-30.00;-29.98;17.40;-19.00;-18.20;-18.46;13.60;4.90
13:03:35;-18.10;-30.00;-30.01;17.40;-19.00;-18.20;-18.45;13.60;5.00
13:03:37;-18.10;-30.00;-30.02;17.40;-19.00;-18.20;-18.45;13.50;5.00
13:03:39;-18.10;-30.00;-30.02;17.40;-19.00;-18.10;-18.44;13.50;5.00
13:03:41;-18.10;-30.00;-30.01;17.40;-19.00;-18.10;-18.45;13.50;4.90
13:03:43;-18.10;-30.00;-30.01;17.40;-19.00;-18.10;-18.43;13.50;4.90
13:03:45;-18.10;-30.00;-30.02;17.40;-19.00;-18.10;-18.41;13.50;4.80
13:03:47;-18.10;-30.00;-30.00;17.40;-18.90;-18.10;-18.40;13.50;4.90
13:03:49;-18.10;-30.00;-30.00;17.40;-19.00;-18.10;-18.40;13.60;4.80
13:03:54;-18.10;-30.00;-30.00;17.40;-19.00;-18.10;-18.44;13.60;4.90
13:03:55;-18.10;-30.00;-29.99;17.40;-19.00;-18.10;-18.44;13.60;4.90
13:03:57;-18.10;-30.00;-30.00;17.40;-19.00;-18.10;-18.45;13.60;4.80
13:03:59;-18.10;-30.00;-29.99;17.40;-19.00;-18.10;-18.43;13.50;4.80
13:04:01;-18.10;-30.00;-30.01;17.40;-19.00;-18.10;-18.44;13.50;4.90
13:04:03;-18.10;-30.00;-30.00;17.40;-19.00;-18.10;-18.44;13.60;4.80
13:04:05;-18.10;-30.00;-29.99;17.40;-19.00;-18.10;-18.45;13.50;4.90
13:04:07;-18.10;-30.00;-29.99;17.40;-19.00;-18.20;-18.42;13.50;4.90
13:04:09;-18.10;-30.00;-29.98;17.40;-19.00;-18.10;-18.40;13.50;4.90
13:04:11;-18.10;-30.00;-29.98;17.40;-19.00;-18.10;-18.40;13.50;4.90
13:04:13;-18.10;-30.00;-30.00;17.40;-19.00;-18.10;-18.40;13.50;4.80
13:04:15;-18.10;-30.00;-29.99;17.40;-19.00;-18.10;-18.40;13.60;4.90
13:04:17;-18.10;-30.00;-30.00;17.40;-19.00;-18.10;-18.44;13.60;4.90
13:04:19;-18.10;-30.00;-30.00;17.40;-19.00;-18.10;-18.42;13.60;4.90
13:04:21;-18.10;-30.00;-29.98;17.40;-19.00;-18.10;-18.43;13.60;4.80
13:04:23;-18.10;-30.00;-29.99;17.40;-19.00;-18.10;-18.45;13.60;4.90
13:04:25;-18.10;-30.00;-29.98;17.40;-19.00;-18.10;-18.47;13.60;4.90
13:04:27;-18.10;-30.00;-29.98;17.40;-19.00;-18.10;-18.46;13.60;4.90
13:04:29;-18.10;-30.00;-29.98;17.40;-19.00;-18.10;-18.49;13.60;4.90
13:04:31;-18.10;-30.00;-29.99;17.40;-19.00;-18.10;-18.47;13.60;4.90
13:04:33;-18.10;-30.00;-30.01;17.40;-19.00;-18.10;-18.46;13.60;4.90
13:04:35;-18.10;-30.00;-30.03;17.40;-19.00;-18.10;-18.47;13.60;4.90
13:04:37;-18.10;-30.00;-30.03;17.40;-19.00;-18.10;-18.45;13.60;4.80
13:04:39;-18.10;-30.00;-30.01;17.40;-19.00;-18.10;-18.47;13.60;4.80
13:04:41;-18.10;-30.00;-30.01;17.40;-19.00;-18.10;-18.46;13.60;4.90
13:04:43;-18.10;-30.00;-30.02;17.40;-19.00;-18.10;-18.47;13.50;4.80
13:04:45;-18.10;-30.00;-30.00;17.40;-19.00;-18.10;-18.50;13.60;4.90
13:04:47;-18.10;-30.00;-30.00;17.40;-19.00;-18.10;-18.48;13.60;4.80
13:04:49;-18.10;-30.00;-29.99;17.40;-19.00;-18.10;-18.47;13.60;4.90
13:04:51;-18.10;-30.00;-29.99;17.40;-19.00;-18.10;-18.50;13.60;4.90
13:04:53;-18.10;-30.00;-29.99;17.40;-19.00;-18.10;-18.49;13.60;4.90
13:04:55;-18.10;-30.00;-29.99;17.40;-19.00;-18.10;-18.47;13.60;4.90
13:04:57;-18.10;-30.00;-29.99;17.40;-19.00;-18.10;-18.49;13.60;4.90
13:04:59;-18.10;-30.00;-29.98;17.40;-19.00;-18.10;-18.52;13.60;4.90
13:05:01;-18.10;-30.00;-29.99;17.40;-19.00;-18.10;-18.51;13.60;4.90
13:05:03;-18.10;-30.00;-29.99;17.40;-19.00;-18.20;-18.49;13.60;4.90
13:05:05;-18.10;-30.00;-30.01;17.40;-19.00;-18.20;-18.49;13.60;4.90
13:05:07;-18.10;-30.00;-30.01;17.40;-19.00;-18.10;-18.45;13.60;4.90
13:05:09;-18.10;-30.00;-30.01;17.40;-19.00;-18.20;-18.44;13.60;4.90
13:05:11;-18.10;-30.00;-30.02;17.40;-19.00;-18.20;-18.41;13.60;4.90
13:05:13;-18.10;-30.00;-30.02;17.40;-19.00;-18.20;-18.40;13.60;4.90
13:05:15;-18.10;-30.00;-30.01;17.40;-19.00;-18.10;-18.39;13.60;5.00
13:05:17;-18.10;-30.00;-30.03;17.40;-19.00;-18.10;-18.39;13.60;4.80
13:05:19;-18.10;-30.00;-30.03;17.40;-19.00;-18.10;-18.36;13.60;4.90
13:05:21;-18.10;-30.00;-30.03;17.40;-19.00;-18.10;-18.39;13.60;4.90
13:05:23;-18.10;-30.00;-30.00;17.40;-19.00;-18.00;-18.38;13.60;4.90
13:05:25;-18.10;-30.00;-29.99;17.40;-19.00;-18.00;-18.40;13.60;4.90
13:05:27;-18.10;-30.00;-30.01;17.40;-19.00;-18.00;-18.40;13.60;4.90
13:05:29;-18.10;-30.00;-30.02;17.40;-19.00;-18.00;-18.42;13.60;4.90
13:05:31;-18.10;-30.00;-30.01;17.40;-19.00;-18.00;-18.43;13.60;4.90
13:05:33;-18.10;-30.00;-30.00;17.40;-19.00;-18.10;-18.45;13.60;4.90
13:05:35;-18.10;-30.00;-30.00;17.40;-19.00;-18.10;-18.44;13.60;4.90
13:05:37;-18.10;-30.00;-30.01;17.40;-19.00;-18.10;-18.45;13.60;4.90
13:05:42;-18.10;-30.00;-30.02;17.40;-19.00;-18.10;-18.43;13.60;4.90
13:05:43;-18.10;-30.00;-30.01;17.40;-19.00;-18.10;-18.42;13.50;4.80
13:05:45;-18.10;-30.00;-30.02;17.40;-19.00;-18.10;-18.42;13.50;4.80
13:05:47;-18.10;-30.00;-30.01;17.40;-19.00;-18.10;-18.40;13.60;4.80
13:05:49;-18.10;-30.00;-30.00;17.40;-19.00;-18.10;-18.42;13.50;4.80
13:05:51;-18.10;-30.00;-30.00;17.40;-19.00;-18.10;-18.40;13.60;4.80
13:05:53;-18.10;-30.00;-30.00;17.40;-19.00;-18.10;-18.39;13.50;4.80
13:05:55;-18.10;-30.00;-30.02;17.40;-19.00;-18.10;-18.39;13.50;4.90
13:05:58;-18.10;-30.00;-30.02;17.40;-19.00;-18.10;-18.41;13.60;4.90
13:05:59;-18.10;-30.00;-30.00;17.40;-19.00;-18.10;-18.42;13.50;4.90
13:06:01;-18.10;-30.00;-30.00;17.40;-19.00;-18.10;-18.42;13.60;4.90
13:06:04;-18.10;-30.00;-29.99;17.40;-19.00;-18.10;-18.42;13.50;4.90
13:06:06;-18.10;-30.00;-30.01;17.40;-19.00;-18.10;-18.40;13.50;4.80
13:06:07;-18.10;-30.00;-30.02;17.40;-19.00;-18.10;-18.38;13.50;4.90
13:06:10;-18.10;-30.00;-30.02;17.40;-19.00;-18.10;-18.41;13.50;4.90
13:06:11;-18.10;-30.00;-30.02;17.40;-19.00;-18.10;-18.40;13.50;4.90
13:06:14;-18.10;-30.00;-29.98;17.40;-19.00;-18.10;-18.40;13.50;4.80
13:06:16;-18.10;-30.00;-29.99;17.40;-19.00;-18.10;-18.39;13.50;4.90
13:06:18;-18.10;-30.00;-29.97;17.40;-19.00;-18.00;-18.38;13.50;4.90
13:06:20;-18.10;-30.00;-29.98;17.40;-19.00;-18.10;-18.39;13.50;4.90
13:06:22;-18.10;-30.00;-29.99;17.40;-19.00;-18.10;-18.38;13.60;4.90
13:06:24;-18.10;-30.00;-29.99;17.40;-19.00;-18.10;-18.37;13.60;4.90
13:06:26;-18.10;-30.00;-30.01;17.40;-19.00;-18.10;-18.37;13.50;4.90
13:06:28;-18.10;-30.00;-29.99;17.40;-19.00;-18.10;-18.35;13.50;4.90
13:06:30;-18.10;-30.00;-29.96;17.40;-19.00;-18.10;-18.36;13.60;4.90
13:06:32;-18.10;-30.00;-29.96;17.40;-19.00;-18.10;-18.35;13.50;4.80
13:06:34;-18.10;-30.00;-29.99;17.40;-19.00;-18.10;-18.36;13.50;4.90
13:06:36;-18.10;-30.00;-30.00;17.40;-19.00;-18.10;-18.36;13.50;4.80
13:06:38;-18.10;-30.00;-30.00;17.40;-19.00;-18.10;-18.37;13.50;4.80
13:06:40;-18.10;-30.00;-30.01;17.40;-19.00;-18.10;-18.41;13.50;4.90
13:06:42;-18.10;-30.00;-30.02;17.40;-19.00;-18.10;-18.38;13.50;4.90
13:06:44;-18.10;-30.00;-30.01;17.40;-19.00;-18.10;-18.37;13.50;4.80
13:06:46;-18.10;-30.00;-30.01;17.40;-19.00;-18.10;-18.38;13.50;4.90
13:06:48;-18.10;-30.00;-30.01;17.40;-19.00;-18.10;-18.34;13.50;4.90
13:06:50;-18.10;-30.00;-30.01;17.40;-19.00;-18.10;-18.35;13.50;4.90
13:06:52;-18.10;-30.00;-30.02;17.40;-19.00;-18.10;-18.34;13.50;4.90
13:06:54;-18.10;-30.00;-30.01;17.40;-19.00;-18.10;-18.30;13.50;4.80
13:06:56;-18.10;-30.00;-29.99;17.40;-18.90;-18.10;-18.32;13.50;4.90
13:06:58;-18.10;-30.00;-29.97;17.40;-19.00;-18.10;-18.35;13.60;4.90
13:07:00;-18.10;-30.00;-29.97;17.40;-19.00;-18.10;-18.37;13.60;4.80
13:07:02;-18.10;-30.00;-29.96;17.40;-19.00;-18.10;-18.41;13.60;4.80
13:07:04;-18.10;-30.00;-29.98;17.40;-19.00;-18.10;-18.41;13.60;4.80
13:07:06;-18.10;-30.00;-29.98;17.40;-19.00;-18.10;-18.37;13.60;4.80
13:07:08;-18.10;-30.00;-29.99;17.40;-19.00;-18.10;-18.36;13.60;4.90
13:07:10;-18.10;-30.00;-30.01;17.40;-19.00;-18.10;-18.35;13.60;4.80
13:07:12;-18.10;-30.00;-30.01;17.40;-19.00;-18.10;-18.35;13.60;4.80
13:07:14;-18.10;-30.00;-30.00;17.40;-19.00;-18.10;-18.34;13.60;4.90
13:07:16;-18.10;-30.00;-30.01;17.40;-19.00;-18.10;-18.34;13.60;4.80
13:07:18;-18.10;-30.00;-29.99;17.40;-19.00;-18.10;-18.38;13.60;4.80
13:07:20;-18.10;-30.00;-29.99;17.40;-19.00;-18.10;-18.39;13.60;4.90
13:07:22;-18.10;-30.00;-29.99;17.40;-19.00;-18.20;-18.36;13.70;4.80
13:07:24;-18.10;-30.00;-30.00;17.40;-19.00;-18.10;-18.35;13.60;4.80
13:07:26;-18.10;-30.00;-30.00;17.40;-19.00;-18.10;-18.34;13.60;4.90
13:07:31;-18.10;-30.00;-30.01;17.40;-18.90;-18.10;-18.35;13.60;4.80
13:07:34;-18.10;-30.00;-30.00;17.40;-19.00;-18.10;-18.35;13.60;4.80
13:07:36;-18.10;-30.00;-30.01;17.40;-19.00;-18.10;-18.37;13.60;4.90
13:07:38;-18.10;-30.00;-30.00;17.40;-19.00;-18.10;-18.37;13.60;4.90
13:07:40;-18.10;-30.00;-30.02;17.40;-19.00;-18.10;-18.36;13.60;4.90
13:07:42;-18.10;-30.00;-30.01;17.40;-19.00;-18.10;-18.34;13.60;4.80
13:07:44;-18.10;-30.00;-30.01;17.40;-19.00;-18.10;-18.34;13.50;4.90
13:07:46;-18.10;-30.00;-30.00;17.40;-19.00;-18.10;-18.32;13.60;4.80
13:07:48;-18.10;-30.00;-30.01;17.40;-19.00;-18.10;-18.32;13.50;4.90
13:07:50;-18.10;-30.00;-30.03;17.40;-19.00;-18.10;-18.34;13.50;4.90
13:07:52;-18.10;-30.00;-30.03;17.40;-19.00;-18.10;-18.35;13.50;4.90
13:07:54;-18.10;-30.00;-30.02;17.40;-19.00;-18.10;-18.32;13.50;4.90
13:07:56;-18.10;-30.00;-29.99;17.40;-19.00;-18.10;-18.35;13.50;4.80
13:07:58;-18.10;-30.00;-29.99;17.40;-19.00;-18.10;-18.37;13.60;4.80
13:08:00;-18.10;-30.00;-29.99;17.40;-19.00;-18.10;-18.37;13.50;4.90
13:08:02;-18.10;-30.00;-29.99;17.40;-19.00;-18.10;-18.39;13.50;4.90
13:08:04;-18.10;-30.00;-29.99;17.40;-19.00;-18.10;-18.39;13.50;4.80
13:08:06;-18.10;-30.00;-29.99;17.40;-19.00;-18.10;-18.43;13.50;4.80
13:08:08;-18.10;-30.00;-30.00;17.40;-19.00;-18.10;-18.42;13.50;4.90
13:08:10;-18.10;-30.00;-30.00;17.40;-19.00;-18.10;-18.40;13.50;4.80
13:08:12;-18.10;-30.00;-30.00;17.40;-19.00;-18.10;-18.41;13.50;4.80
13:08:14;-18.10;-30.00;-30.02;17.40;-19.00;-18.10;-18.39;13.50;4.80
13:08:16;-18.10;-30.00;-30.01;17.40;-19.00;-18.10;-18.40;13.50;4.90
13:08:18;-18.10;-30.00;-29.99;17.40;-19.00;-18.10;-18.42;13.50;4.80
13:08:20;-18.10;-30.00;-29.99;17.40;-19.00;-18.10;-18.41;13.60;4.90
13:08:22;-18.10;-30.00;-30.00;17.40;-19.00;-18.10;-18.40;13.50;4.80
13:08:24;-18.10;-30.00;-30.00;17.40;-19.00;-18.10;-18.40;13.60;4.90
13:08:26;-18.10;-30.00;-30.00;17.40;-19.00;-18.10;-18.40;13.50;4.90
13:08:28;-18.10;-30.00;-30.01;17.40;-19.00;-18.10;-18.42;13.50;4.90
13:08:30;-18.10;-30.00;-29.97;17.40;-19.00;-18.10;-18.42;13.50;4.80
13:08:32;-18.10;-30.00;-29.98;17.40;-19.00;-18.10;-18.45;13.60;4.90
13:08:34;-18.10;-30.00;-30.00;17.40;-19.00;-18.10;-18.41;13.60;4.80
13:08:36;-18.10;-30.00;-30.00;17.40;-19.00;-18.10;-18.43;13.60;4.90
13:08:38;-18.10;-30.00;-29.98;17.40;-19.00;-18.10;-18.40;13.60;4.90
13:08:40;-18.10;-30.00;-29.99;17.40;-19.00;-18.10;-18.43;13.60;4.90
13:08:42;-18.10;-30.00;-29.99;17.40;-19.00;-18.10;-18.42;13.60;4.90
13:08:44;-18.10;-30.00;-30.00;17.40;-19.00;-18.10;-18.44;13.50;4.90
13:08:46;-18.10;-30.00;-30.00;17.40;-19.00;-18.10;-18.45;13.50;4.90
13:08:48;-18.10;-30.00;-30.00;17.40;-19.00;-18.10;-18.44;13.50;4.90
13:08:50;-18.10;-30.00;-29.98;17.40;-19.00;-18.10;-18.43;13.60;4.90
13:08:52;-18.10;-30.00;-29.99;17.40;-19.00;-18.10;-18.41;13.60;4.80
13:08:54;-18.10;-30.00;-30.02;17.40;-19.00;-18.10;-18.41;13.60;4.80
13:08:56;-18.10;-30.00;-30.01;17.40;-19.00;-18.10;-18.38;13.60;4.90
13:08:58;-18.10;-30.00;-30.02;17.40;-19.00;-18.10;-18.41;13.60;4.80
13:09:00;-18.10;-30.00;-30.00;17.40;-19.00;-18.10;-18.42;13.50;4.80
13:09:02;-18.10;-30.00;-30.01;17.40;-19.00;-18.10;-18.43;13.60;4.90
13:09:04;-18.10;-30.00;-30.01;17.40;-19.00;-18.10;-18.44;13.60;4.80
13:09:06;-18.10;-30.00;-30.02;17.40;-19.00;-18.10;-18.42;13.60;4.90
13:09:08;-18.10;-30.00;-29.99;17.40;-19.00;-18.10;-18.43;13.60;4.80
13:09:10;-18.10;-30.00;-29.99;17.40;-19.00;-18.10;-18.45;13.60;4.90
13:09:12;-18.10;-30.00;-30.01;17.40;-19.00;-18.10;-18.43;13.60;4.90
13:09:14;-18.10;-30.00;-30.00;17.40;-19.00;-18.10;-18.41;13.60;4.90
13:09:19;-18.10;-30.00;-29.99;17.40;-19.00;-18.10;-18.39;13.60;4.80
13:09:20;-18.10;-30.00;-29.99;17.40;-19.00;-18.10;-18.40;13.50;4.80
13:09:22;-18.10;-30.00;-29.99;17.40;-19.00;-18.10;-18.41;13.50;4.90
13:09:24;-18.10;-30.00;-30.00;17.40;-19.00;-18.10;-18.39;13.50;4.90
13:09:26;-18.10;-30.00;-30.00;17.40;-19.00;-18.10;-18.40;13.60;4.90
13:09:28;-18.10;-30.00;-29.98;17.40;-19.00;-18.10;-18.39;13.50;4.90
13:09:30;-18.10;-30.00;-29.98;17.40;-19.00;-18.10;-18.34;13.50;4.80
13:09:32;-18.10;-30.00;-29.99;17.40;-19.00;-18.10;-18.32;13.50;4.80
13:09:34;-18.10;-30.00;-29.99;17.40;-19.00;-18.10;-18.31;13.50;4.80
13:09:36;-18.10;-30.00;-30.00;17.40;-19.00;-18.10;-18.31;13.60;4.80
13:09:38;-18.10;-30.00;-29.99;17.40;-19.00;-18.00;-18.27;13.60;4.90
13:09:40;-18.10;-30.00;-30.00;17.40;-19.00;-18.00;-18.26;13.60;4.90
13:09:42;-18.10;-30.00;-30.01;17.40;-19.00;-18.00;-18.28;13.60;4.80
13:09:44;-18.10;-30.00;-30.02;17.40;-19.00;-18.10;-18.28;13.60;4.80
13:09:46;-18.10;-30.00;-30.03;17.40;-19.00;-18.00;-18.30;13.60;4.80
13:09:48;-18.10;-30.00;-30.03;17.40;-19.00;-18.10;-18.31;13.60;4.80
13:09:50;-18.10;-30.00;-30.03;17.40;-19.00;-18.10;-18.31;13.60;4.90
13:09:52;-18.10;-30.00;-30.02;17.40;-19.00;-18.10;-18.31;13.60;4.80
13:09:54;-18.10;-30.00;-30.01;17.40;-19.00;-18.10;-18.33;13.50;4.90
13:09:56;-18.10;-30.00;-30.01;17.40;-19.00;-18.10;-18.32;13.60;4.90
13:09:58;-18.10;-30.00;-30.03;17.40;-19.00;-18.10;-18.33;13.60;4.80
13:10:00;-18.10;-30.00;-30.03;17.40;-19.00;-18.10;-18.33;13.50;4.80
13:10:02;-18.10;-30.00;-30.02;17.40;-19.00;-18.10;-18.31;13.60;4.90
13:10:04;-18.10;-30.00;-30.01;17.40;-19.00;-18.10;-18.32;13.50;4.80
13:10:06;-18.10;-30.00;-30.01;17.40;-19.00;-18.10;-18.33;13.50;4.90
13:10:08;-18.10;-30.00;-30.00;17.40;-19.00;-18.00;-18.33;13.60;4.80
13:10:10;-18.10;-30.00;-29.99;17.40;-19.00;-18.10;-18.37;13.60;4.80
13:10:12;-18.10;-30.00;-29.99;17.40;-19.00;-18.10;-18.37;13.50;4.80
13:10:14;-18.10;-30.00;-29.99;17.40;-19.00;-18.10;-18.35;13.50;4.90
13:10:16;-18.10;-30.00;-29.98;17.40;-19.00;-18.10;-18.39;13.50;4.80
13:10:18;-18.10;-30.00;-29.99;17.40;-19.00;-18.10;-18.41;13.50;4.90
13:10:20;-18.10;-30.00;-29.98;17.40;-19.00;-18.10;-18.41;13.50;4.80
13:10:22;-18.10;-30.00;-29.98;17.40;-19.00;-18.20;-18.41;13.50;4.80
13:10:24;-18.10;-30.00;-29.97;17.40;-19.00;-18.20;-18.41;13.50;4.90
13:10:26;-18.10;-30.00;-29.99;17.40;-19.00;-18.20;-18.41;13.50;4.80
13:10:28;-18.10;-30.00;-29.99;17.40;-19.00;-18.20;-18.42;13.60;4.80
13:10:30;-18.10;-30.00;-30.00;17.40;-19.00;-18.20;-18.41;13.50;4.90
13:10:32;-18.10;-30.00;-30.00;17.40;-19.00;-18.10;-18.39;13.60;4.90
13:10:34;-18.10;-30.00;-30.00;17.40;-19.00;-18.10;-18.37;13.60;4.90
13:10:36;-18.10;-30.00;-29.98;17.40;-19.00;-18.10;-18.35;13.60;4.90
13:10:38;-18.10;-30.00;-29.98;17.40;-19.00;-18.10;-18.35;13.60;4.80
13:10:40;-18.10;-30.00;-29.99;17.40;-19.00;-18.10;-18.35;13.60;4.80
13:10:42;-18.10;-30.00;-30.00;17.40;-19.00;-18.10;-18.36;13.60;4.80
13:10:44;-18.10;-30.00;-30.01;17.40;-19.00;-18.10;-18.38;13.60;4.90
13:10:46;-18.10;-30.00;-30.01;17.40;-19.00;-18.10;-18.36;13.60;4.80
13:10:48;-18.10;-30.00;-30.02;17.40;-19.00;-18.10;-18.37;13.60;4.80
13:10:50;-18.10;-30.00;-30.02;17.40;-19.00;-18.20;-18.37;13.60;4.90
13:10:52;-18.10;-30.00;-30.02;17.40;-19.00;-18.10;-18.34;13.50;4.80
13:10:54;-18.10;-30.00;-30.01;17.40;-19.00;-18.10;-18.35;13.60;4.90
13:10:56;-18.10;-30.00;-30.00;17.40;-19.00;-18.10;-18.35;13.60;4.90
13:10:58;-18.10;-30.00;-30.01;17.40;-19.00;-18.10;-18.35;13.60;4.80
13:11:00;-18.10;-30.00;-30.01;17.40;-19.00;-18.10;-18.36;13.60;4.90
13:11:02;-18.10;-30.00;-30.00;17.40;-19.00;-18.10;-18.35;13.60;4.90
13:11:06;-18.10;-30.00;-30.00;17.40;-19.00;-18.10;-18.31;13.60;4.80
13:11:08;-18.10;-30.00;-29.97;17.40;-19.00;-18.10;-18.31;13.60;4.90
13:11:10;-18.10;-30.00;-30.00;17.40;-19.00;-18.10;-18.35;13.60;4.90
13:11:12;-18.10;-30.00;-29.99;17.40;-19.00;-18.10;-18.35;13.60;4.90
13:11:14;-18.10;-30.00;-29.99;17.40;-19.00;-18.10;-18.36;13.60;4.90
13:11:16;-18.10;-30.00;-29.97;17.40;-19.00;-18.20;-18.37;13.60;4.90
13:11:18;-18.10;-30.00;-29.99;17.40;-19.00;-18.20;-18.38;13.60;4.90
13:11:20;-18.10;-30.00;-30.01;17.40;-19.00;-18.20;-18.38;13.60;4.90
13:11:22;-18.10;-30.00;-30.02;17.40;-19.00;-18.20;-18.35;13.60;4.80
13:11:24;-18.10;-30.00;-30.01;17.40;-19.00;-18.20;-18.36;13.60;4.90
13:11:26;-18.10;-30.00;-30.01;17.40;-19.00;-18.20;-18.36;13.60;4.80
13:11:28;-18.10;-30.00;-30.00;17.40;-19.00;-18.20;-18.33;13.60;4.80
13:11:30;-18.10;-30.00;-30.00;17.40;-19.00;-18.20;-18.34;13.60;4.80
13:11:32;-18.10;-30.00;-30.02;17.40;-19.00;-18.10;-18.34;13.60;4.90
13:11:34;-18.10;-30.00;-30.03;17.40;-19.00;-18.10;-18.31;13.60;4.90
13:11:36;-18.10;-30.00;-30.02;17.40;-19.00;-18.10;-18.32;13.60;4.90
13:11:38;-18.10;-30.00;-30.00;17.40;-19.00;-18.10;-18.29;13.60;4.90
13:11:40;-18.10;-30.00;-29.99;17.40;-19.00;-18.10;-18.27;13.60;4.90
13:11:42;-18.10;-30.00;-29.99;17.40;-19.00;-18.00;-18.28;13.60;4.90
13:11:44;-18.10;-30.00;-29.99;17.40;-19.00;-18.10;-18.28;13.60;4.80
13:11:46;-18.10;-30.00;-30.01;17.40;-19.00;-18.10;-18.27;13.60;4.90
13:11:48;-18.10;-30.00;-29.99;17.40;-19.00;-18.10;-18.24;13.60;4.80
13:11:50;-18.10;-30.00;-29.95;17.40;-19.00;-18.10;-18.23;13.60;4.90
13:11:52;-18.10;-30.00;-29.97;17.40;-19.00;-18.10;-18.26;13.60;4.90
13:11:54;-18.10;-30.00;-30.00;17.40;-19.00;-18.10;-18.29;13.60;4.90
13:11:56;-18.10;-30.00;-29.99;17.40;-19.00;-18.10;-18.31;13.70;4.90
13:11:58;-18.10;-30.00;-29.98;17.40;-19.00;-18.10;-18.31;13.70;4.80
13:12:00;-18.10;-30.00;-29.98;17.40;-19.00;-18.10;-18.31;13.60;4.90
13:12:02;-18.10;-30.00;-29.97;17.40;-19.00;-18.10;-18.34;13.60;4.80
13:12:04;-18.10;-30.00;-30.00;17.40;-19.00;-18.10;-18.33;13.60;4.90
13:12:06;-18.10;-30.00;-30.00;17.40;-19.00;-18.10;-18.28;13.60;4.80
13:12:08;-18.10;-30.00;-30.00;17.40;-19.00;-18.10;-18.25;13.60;4.80
13:12:10;-18.10;-30.00;-30.01;17.40;-19.00;-18.10;-18.25;13.60;4.90
13:12:12;-18.10;-30.00;-30.01;17.40;-19.00;-18.10;-18.28;13.60;4.90
13:12:14;-18.10;-30.00;-30.02;17.40;-19.00;-18.10;-18.28;13.60;4.80
13:12:16;-18.10;-30.00;-30.02;17.40;-19.00;-18.10;-18.30;13.60;4.80
13:12:18;-18.10;-30.00;-30.02;17.40;-19.00;-18.10;-18.32;13.60;4.90
13:12:21;-18.10;-30.00;-30.02;17.40;-19.00;-18.10;-18.32;13.60;4.90
13:12:23;-18.10;-30.00;-30.00;17.40;-19.00;-18.10;-18.29;13.60;4.80
13:12:24;-18.10;-30.00;-30.00;17.40;-19.00;-18.10;-18.29;13.60;4.80
13:12:26;-18.10;-30.00;-30.01;17.40;-19.00;-18.10;-18.30;13.60;4.90
13:12:29;-18.10;-30.00;-30.00;17.40;-19.00;-18.10;-18.28;13.60;4.80
13:12:30;-18.10;-30.00;-30.00;17.40;-19.00;-18.10;-18.29;13.60;4.80
13:12:33;-18.10;-30.00;-30.00;17.40;-19.00;-18.10;-18.24;13.60;4.80
13:12:34;-18.10;-30.00;-30.01;17.40;-19.00;-18.10;-18.26;13.60;4.80
13:12:36;-18.10;-30.00;-30.00;17.40;-19.00;-18.10;-18.30;13.60;4.80
13:12:39;-18.10;-30.00;-29.99;17.40;-19.00;-18.10;-18.28;13.60;4.80
13:12:40;-18.10;-30.00;-29.99;17.40;-19.00;-18.10;-18.25;13.60;4.90
13:12:42;-18.10;-30.00;-29.99;17.40;-18.90;-18.10;-18.27;13.60;4.80
13:12:45;-18.10;-30.00;-29.98;17.40;-19.00;-18.10;-18.28;13.60;4.80
13:12:46;-18.10;-30.00;-29.99;17.40;-18.90;-18.20;-18.29;13.60;4.80
13:12:49;-18.10;-30.00;-29.99;17.40;-19.00;-18.20;-18.27;13.60;4.80
13:12:53;-18.10;-30.00;-30.00;17.40;-19.00;-18.10;-18.27;13.60;4.80
13:12:55;-18.10;-30.00;-30.03;17.40;-18.90;-18.10;-18.28;13.60;4.80
13:12:57;-18.10;-30.00;-30.03;17.40;-19.00;-18.10;-18.25;13.60;4.90
13:12:58;-18.10;-30.00;-30.01;17.40;-19.00;-18.10;-18.26;13.60;4.80
13:13:00;-18.10;-30.00;-29.99;17.40;-19.00;-18.10;-18.26;13.60;4.90
13:13:03;-18.10;-30.00;-29.99;17.40;-19.00;-18.10;-18.26;13.60;4.80
13:13:05;-18.10;-30.00;-30.00;17.40;-19.00;-18.10;-18.26;13.60;4.80
13:13:07;-18.10;-30.00;-30.01;17.40;-18.90;-18.10;-18.27;13.60;4.80
13:13:09;-18.10;-30.00;-30.01;17.40;-18.90;-18.10;-18.25;13.60;4.80
13:13:11;-18.10;-30.00;-30.01;17.40;-18.90;-18.10;-18.21;13.60;4.80
13:13:13;-18.10;-30.00;-30.02;17.40;-18.90;-18.10;-18.20;13.60;4.80
13:13:15;-18.10;-30.00;-30.01;17.40;-19.00;-18.10;-18.20;13.60;4.90
13:13:17;-18.10;-30.00;-30.02;17.40;-19.00;-18.10;-18.17;13.60;4.90
13:13:19;-18.10;-30.00;-30.02;17.40;-18.90;-18.10;-18.15;13.60;4.80
13:13:21;-18.10;-30.00;-30.02;17.40;-19.00;-18.00;-18.14;13.60;4.90
13:13:23;-18.10;-30.00;-30.02;17.40;-18.90;-18.00;-18.17;13.60;4.80
13:13:25;-18.10;-30.00;-30.00;17.40;-18.90;-18.00;-18.13;13.60;4.80
13:13:27;-18.10;-30.00;-30.00;17.40;-18.90;-18.00;-18.13;13.60;4.80
13:13:29;-18.10;-30.00;-30.02;17.40;-18.90;-18.00;-18.12;13.60;4.90
13:13:31;-18.10;-30.00;-30.04;17.40;-19.00;-18.00;-18.11;13.60;4.80
13:13:33;-18.10;-30.00;-30.03;17.40;-18.90;-18.10;-18.14;13.60;4.80
13:13:35;-18.10;-30.00;-30.03;17.40;-18.90;-18.10;-18.19;13.60;4.80
13:13:37;-18.10;-30.00;-30.01;17.40;-19.00;-18.10;-18.21;13.60;4.90
13:13:39;-18.10;-30.00;-30.02;17.40;-19.00;-18.10;-18.23;13.60;4.90
13:13:41;-18.10;-30.00;-30.00;17.40;-18.90;-18.10;-18.21;13.60;4.80
13:13:43;-18.10;-30.00;-30.00;17.40;-19.00;-18.10;-18.21;13.60;4.80
13:13:45;-18.10;-30.00;-29.98;17.40;-18.90;-18.10;-18.24;13.60;4.80
13:13:47;-18.10;-30.00;-29.99;17.40;-18.90;-18.10;-18.21;13.60;4.80
13:13:49;-18.10;-30.00;-30.01;17.40;-18.90;-18.10;-18.19;13.60;4.80
13:13:51;-18.10;-30.00;-30.02;17.40;-18.90;-18.10;-18.18;13.60;4.90
13:13:53;-18.10;-30.00;-30.02;17.40;-18.90;-18.10;-18.18;13.60;4.80
13:13:55;-18.10;-30.00;-29.99;17.40;-18.90;-18.10;-18.15;13.60;4.80
13:13:57;-18.10;-30.00;-29.98;17.40;-18.90;-18.10;-18.15;13.60;4.80
13:13:59;-18.10;-30.00;-30.00;17.40;-19.00;-18.10;-18.15;13.60;4.80
13:14:01;-18.10;-30.00;-30.00;17.40;-18.90;-18.10;-18.10;13.60;4.80
13:14:03;-18.10;-30.00;-29.99;17.40;-18.90;-18.10;-18.12;13.60;4.80
13:14:05;-18.10;-30.00;-29.98;17.40;-19.00;-18.00;-18.15;13.60;4.80
13:14:07;-18.10;-30.00;-29.99;17.40;-18.90;-18.10;-18.14;13.60;4.80
13:14:09;-18.10;-30.00;-29.99;17.40;-18.90;-18.10;-18.17;13.60;4.80
13:14:11;-18.10;-30.00;-29.98;17.40;-18.90;-18.10;-18.18;13.60;4.90
13:14:13;-18.10;-30.00;-29.98;17.40;-18.90;-18.10;-18.17;13.60;4.80
13:14:15;-18.10;-30.00;-30.00;17.40;-18.90;-18.10;-18.16;13.60;4.90
13:14:17;-18.10;-30.00;-29.99;17.40;-18.90;-18.10;-18.15;13.60;4.80
13:14:19;-18.10;-30.00;-30.00;17.40;-18.90;-18.10;-18.14;13.60;4.80
13:14:21;-18.10;-30.00;-30.01;17.40;-18.90;-18.10;-18.18;13.60;4.80
13:14:23;-18.10;-30.00;-30.01;17.40;-19.00;-18.10;-18.13;13.60;4.80
13:14:25;-18.10;-30.00;-29.99;17.40;-18.90;-18.10;-18.16;13.60;4.80
13:14:27;-18.10;-30.00;-29.99;17.40;-19.00;-18.10;-18.15;13.60;4.80
13:14:29;-18.10;-30.00;-30.00;17.40;-18.90;-18.10;-18.16;13.60;4.80
13:14:31;-18.10;-30.00;-29.99;17.40;-18.90;-18.00;-18.14;13.60;4.80
13:14:33;-18.10;-30.00;-30.00;17.40;-18.90;-18.00;-18.15;13.60;4.80
13:14:35;-18.10;-30.00;-30.01;17.40;-18.90;-18.00;-18.19;13.60;4.90
13:14:37;-18.10;-30.00;-30.01;17.40;-18.90;-18.00;-18.18;13.50;4.90
13:14:41;-18.10;-30.00;-30.01;17.40;-18.90;-18.00;-18.16;13.50;4.90
13:14:43;-18.10;-30.00;-30.01;17.40;-18.90;-18.00;-18.16;13.60;4.80
13:14:45;-18.10;-30.00;-29.99;17.40;-18.90;-18.00;-18.18;13.60;4.80
13:14:47;-18.10;-30.00;-29.98;17.40;-19.00;-18.00;-18.16;13.50;4.90
13:14:49;-18.10;-30.00;-29.97;17.40;-18.90;-18.00;-18.16;13.60;4.80
13:14:51;-18.10;-30.00;-29.94;17.40;-18.90;-18.00;-18.19;13.60;4.80
13:14:53;-18.10;-30.00;-29.96;17.40;-18.90;-18.00;-18.19;13.60;4.80
13:14:55;-18.10;-30.00;-29.98;17.40;-19.00;-18.00;-18.20;13.50;4.80
13:14:57;-18.10;-30.00;-29.99;17.40;-18.90;-18.00;-18.21;13.60;4.80
13:14:59;-18.10;-30.00;-30.00;17.40;-19.00;-18.00;-18.23;13.60;4.80
13:15:01;-18.10;-30.00;-30.01;17.40;-18.90;-18.00;-18.25;13.50;4.80
13:15:03;-18.10;-30.00;-30.00;17.40;-19.00;-18.00;-18.25;13.50;4.80
13:15:05;-18.10;-30.00;-30.01;17.40;-19.00;-18.10;-18.24;13.60;4.80
13:15:07;-18.10;-30.00;-30.02;17.40;-19.00;-18.10;-18.26;13.60;4.80
13:15:09;-18.10;-30.00;-30.00;17.40;-19.00;-18.10;-18.29;13.50;4.90
13:15:11;-18.10;-30.00;-29.99;17.40;-19.00;-18.10;-18.29;13.50;4.90
13:15:13;-18.10;-30.00;-29.99;17.40;-19.00;-18.10;-18.28;13.60;4.80
13:15:15;-18.10;-30.00;-30.00;17.40;-19.00;-18.10;-18.28;13.50;4.80
13:15:17;-18.10;-30.00;-30.04;17.40;-19.00;-18.10;-18.29;13.50;4.90
13:15:19;-18.10;-30.00;-30.02;17.40;-19.00;-18.10;-18.28;13.50;4.80
13:15:21;-18.10;-30.00;-30.01;17.40;-19.00;-18.10;-18.25;13.60;4.80
13:15:23;-18.10;-30.00;-30.00;17.40;-19.00;-18.10;-18.24;13.50;4.90
13:15:25;-18.10;-30.00;-30.01;17.40;-19.00;-18.10;-18.18;13.60;4.90
13:15:27;-18.10;-30.00;-30.01;17.40;-19.00;-18.10;-18.23;13.50;4.80
13:15:29;-18.10;-30.00;-29.99;17.40;-19.00;-18.10;-18.24;13.50;4.80
13:15:31;-18.10;-30.00;-30.00;17.40;-19.00;-18.10;-18.22;13.50;4.80
13:15:33;-18.10;-30.00;-29.99;17.40;-19.00;-18.10;-18.24;13.50;4.80
13:15:35;-18.10;-30.00;-29.98;17.40;-18.90;-18.20;-18.23;13.50;4.80
13:15:37;-18.10;-30.00;-29.97;17.40;-18.90;-18.20;-18.26;13.50;4.80
13:15:39;-18.10;-30.00;-29.98;17.40;-19.00;-18.20;-18.22;13.50;4.80
13:15:41;-18.10;-30.00;-30.00;17.40;-19.00;-18.20;-18.24;13.50;4.80
13:15:43;-18.10;-30.00;-30.00;17.40;-19.00;-18.10;-18.24;13.50;4.80
13:15:45;-18.10;-30.00;-30.01;17.40;-19.00;-18.10;-18.24;13.40;4.80
13:15:47;-18.10;-30.00;-30.00;17.40;-19.00;-18.10;-18.24;13.50;4.80
13:15:49;-18.10;-30.00;-30.00;17.40;-19.00;-18.20;-18.20;13.50;4.80
13:15:51;-18.10;-30.00;-30.01;17.40;-19.00;-18.10;-18.20;13.50;4.80
13:15:53;-18.10;-30.00;-30.00;17.40;-19.00;-18.10;-18.21;13.50;4.90
13:15:55;-18.10;-30.00;-30.00;17.40;-19.00;-18.10;-18.19;13.50;4.80
13:15:57;-18.10;-30.00;-30.00;17.40;-19.00;-18.10;-18.23;13.50;4.80
13:15:59;-18.10;-30.00;-30.00;17.40;-19.00;-18.10;-18.25;13.50;4.80
13:16:01;-18.10;-30.00;-30.02;17.40;-19.00;-18.10;-18.27;13.40;4.80
13:16:03;-18.10;-30.00;-30.02;17.40;-19.00;-18.10;-18.27;13.50;4.80
13:16:05;-18.10;-30.00;-30.02;17.40;-19.00;-18.20;-18.26;13.50;4.80
13:16:07;-18.10;-30.00;-30.00;17.40;-19.00;-18.10;-18.28;13.50;4.80
13:16:09;-18.10;-30.00;-30.00;17.40;-19.00;-18.10;-18.26;13.50;4.80
13:16:11;-18.10;-30.00;-30.00;17.40;-19.00;-18.10;-18.26;13.40;4.80
13:16:13;-18.10;-30.00;-29.99;17.40;-19.00;-18.10;-18.25;13.50;4.90
13:16:15;-18.10;-30.00;-29.99;17.40;-19.00;-18.10;-18.21;13.40;4.90
13:16:17;-18.10;-30.00;-29.99;17.40;-19.00;-18.10;-18.22;13.50;4.80
13:16:19;-18.10;-30.00;-29.99;17.40;-19.00;-18.10;-18.25;13.40;4.80
13:16:21;-18.10;-30.00;-30.00;17.40;-19.00;-18.10;-18.25;13.50;4.80
13:16:23;-18.10;-30.00;-30.01;17.40;-19.00;-18.10;-18.22;13.40;4.90
13:16:25;-18.10;-30.00;-30.02;17.40;-19.00;-18.10;-18.24;13.40;4.80
13:16:30;-18.10;-30.00;-29.99;17.40;-19.00;-18.10;-18.25;13.40;4.80
13:16:31;-18.10;-30.00;-29.99;17.40;-19.00;-18.10;-18.25;13.40;4.80
13:16:33;-18.10;-30.00;-30.01;17.40;-19.00;-18.10;-18.23;13.40;4.80
13:16:35;-18.10;-30.00;-29.99;17.40;-19.00;-18.20;-18.22;13.40;4.80
13:16:37;-18.10;-30.00;-29.97;17.40;-19.00;-18.10;-18.21;13.40;4.80
13:16:39;-18.10;-30.00;-29.96;17.40;-19.00;-18.10;-18.21;13.50;4.80
13:16:41;-18.10;-30.00;-29.97;17.40;-19.00;-18.20;-18.23;13.40;4.80
13:16:43;-18.10;-30.00;-29.98;17.40;-19.00;-18.20;-18.21;13.40;4.90
13:16:45;-18.10;-30.00;-29.98;17.40;-19.00;-18.10;-18.18;13.40;4.90
13:16:47;-18.10;-30.00;-30.00;17.40;-19.00;-18.10;-18.22;13.40;4.80
13:16:49;-18.10;-30.00;-30.02;17.40;-19.00;-18.10;-18.24;13.50;4.80
13:16:51;-18.10;-30.00;-30.01;17.40;-19.00;-18.10;-18.25;13.40;4.80
13:16:53;-18.10;-30.00;-30.02;17.40;-19.00;-18.10;-18.26;13.40;4.80
13:16:55;-18.10;-30.00;-30.03;17.40;-19.00;-18.10;-18.26;13.40;4.80
13:16:57;-18.10;-30.00;-30.02;17.40;-19.00;-18.10;-18.29;13.40;4.80
13:16:59;-18.10;-30.00;-30.02;17.40;-19.00;-18.10;-18.29;13.50;4.80
13:17:01;-18.10;-30.00;-30.02;17.40;-19.00;-18.10;-18.30;13.40;4.80
13:17:03;-18.10;-30.00;-30.03;17.40;-19.00;-18.20;-18.29;13.50;4.80
13:17:05;-18.10;-30.00;-30.03;17.40;-19.00;-18.20;-18.27;13.40;4.80
13:17:07;-18.10;-30.00;-30.01;17.40;-19.00;-18.20;-18.27;13.40;4.80
13:17:09;-18.10;-30.00;-29.99;17.40;-19.00;-18.10;-18.27;13.40;4.80
13:17:11;-18.10;-30.00;-29.98;17.40;-19.00;-18.10;-18.26;13.50;4.80
13:17:13;-18.10;-30.00;-30.00;17.40;-19.00;-18.10;-18.27;13.50;4.80
13:17:15;-18.10;-30.00;-29.99;17.40;-19.00;-18.20;-18.27;13.50;4.80
13:17:17;-18.10;-30.00;-29.98;17.40;-19.00;-18.10;-18.27;13.40;4.80
13:17:19;-18.10;-30.00;-29.98;17.40;-19.00;-18.10;-18.29;13.40;4.80
13:17:21;-18.10;-30.00;-30.01;17.40;-19.00;-18.20;-18.29;13.50;4.80
13:17:23;-18.10;-30.00;-30.02;17.40;-19.00;-18.20;-18.29;13.50;4.80
13:17:25;-18.10;-30.00;-30.01;17.40;-19.00;-18.20;-18.27;13.40;4.80
13:17:27;-18.10;-30.00;-30.00;17.40;-19.00;-18.20;-18.29;13.50;4.80
13:17:29;-18.10;-30.00;-29.97;17.40;-19.00;-18.20;-18.24;13.50;4.90
13:17:31;-18.10;-30.00;-29.99;17.40;-19.00;-18.20;-18.21;13.50;4.80
13:17:33;-18.10;-30.00;-30.02;17.40;-19.00;-18.20;-18.20;13.50;4.80
13:17:35;-18.10;-30.00;-30.02;17.40;-19.00;-18.10;-18.21;13.50;4.80
13:17:37;-18.10;-30.00;-30.01;17.40;-19.00;-18.10;-18.20;13.40;4.80
13:17:39;-18.10;-30.00;-30.01;17.40;-19.00;-18.10;-18.21;13.40;4.80
13:17:41;-18.10;-30.00;-30.02;17.40;-19.00;-18.10;-18.22;13.40;4.80
13:17:43;-18.10;-30.00;-30.02;17.40;-19.00;-18.10;-18.23;13.50;4.80
13:17:45;-18.10;-30.00;-30.00;17.40;-19.00;-18.10;-18.21;13.40;4.80
13:17:47;-18.10;-30.00;-29.99;17.40;-19.00;-18.10;-18.21;13.50;4.80
13:17:49;-18.10;-30.00;-30.01;17.40;-19.00;-18.10;-18.19;13.40;4.80
13:17:51;-18.10;-30.00;-30.03;17.40;-19.00;-18.10;-18.19;13.40;4.80
13:17:53;-18.10;-30.00;-30.04;17.40;-19.00;-18.10;-18.14;13.50;4.80
13:17:55;-18.10;-30.00;-30.03;17.40;-19.00;-18.10;-18.11;13.50;4.80
13:17:57;-18.10;-30.00;-30.03;17.40;-19.00;-18.10;-18.12;13.40;4.80
13:17:59;-18.10;-30.00;-30.03;17.40;-19.00;-18.10;-18.13;13.50;4.80
13:18:01;-18.10;-30.00;-30.03;17.40;-19.00;-18.10;-18.11;13.50;4.70
13:18:03;-18.10;-30.00;-30.00;17.40;-19.00;-18.00;-18.14;13.50;4.90
13:18:05;-18.10;-30.00;-30.00;17.40;-19.00;-18.10;-18.15;13.50;4.80
13:18:07;-18.10;-30.00;-29.99;17.40;-19.00;-18.10;-18.16;13.50;4.80
13:18:09;-18.10;-30.00;-29.99;17.40;-19.00;-18.10;-18.16;13.50;4.80
13:18:11;-18.10;-30.00;-29.99;17.40;-19.00;-18.00;-18.17;13.50;4.80
13:18:13;-18.10;-30.00;-30.01;17.40;-19.00;-18.10;-18.18;13.50;4.80
13:18:15;-18.10;-30.00;-30.01;17.40;-19.00;-18.00;-18.19;13.50;4.80
13:18:19;-18.10;-30.00;-30.00;17.40;-19.00;-18.10;-18.21;13.50;4.80
13:18:21;-18.10;-30.00;-29.97;17.40;-19.00;-18.10;-18.20;13.50;4.80
13:18:23;-18.10;-30.00;-29.98;17.40;-19.00;-18.10;-18.22;13.50;4.80
13:18:25;-18.10;-30.00;-29.98;17.40;-19.00;-18.10;-18.18;13.50;4.80
13:18:27;-18.10;-30.00;-29.98;17.40;-19.00;-18.10;-18.17;13.50;4.80
13:18:29;-18.10;-30.00;-29.98;17.40;-19.00;-18.10;-18.17;13.50;4.80
13:18:31;-18.10;-30.00;-29.96;17.40;-19.00;-18.10;-18.19;13.40;4.80
13:18:33;-18.10;-30.00;-29.97;17.40;-19.00;-18.10;-18.15;13.40;4.70
13:18:35;-18.10;-30.00;-29.98;17.40;-19.00;-18.10;-18.15;13.50;4.80
13:18:37;-18.10;-30.00;-30.00;17.40;-19.00;-18.10;-18.17;13.50;4.80
13:18:39;-18.10;-30.00;-30.00;17.40;-19.00;-18.20;-18.16;13.50;4.80
13:18:41;-18.10;-30.00;-29.97;17.40;-19.00;-18.10;-18.16;13.50;4.90
13:18:43;-18.10;-30.00;-29.98;17.40;-19.00;-18.10;-18.15;13.50;4.80
13:18:45;-18.10;-30.00;-30.01;17.40;-19.00;-18.10;-18.13;13.50;4.80
13:18:47;-18.10;-30.00;-30.01;17.40;-19.00;-18.10;-18.13;13.50;4.80
13:18:49;-18.10;-30.00;-30.02;17.40;-19.00;-18.10;-18.11;13.50;4.80
13:18:51;-18.10;-30.00;-29.98;17.40;-19.00;-18.10;-18.13;13.50;4.80
13:18:53;-18.10;-30.00;-29.99;17.40;-19.00;-18.10;-18.15;13.50;4.80
13:18:56;-18.10;-30.00;-30.01;17.40;-19.00;-18.10;-18.15;13.50;4.80
13:18:58;-18.10;-30.00;-30.00;17.40;-19.00;-18.10;-18.16;13.50;4.80
13:18:59;-18.10;-30.00;-29.97;17.40;-19.00;-18.10;-18.15;13.50;4.80
13:19:01;-18.10;-30.00;-29.99;17.40;-19.00;-18.10;-18.14;13.50;4.80
13:19:03;-18.10;-30.00;-30.01;17.40;-19.00;-18.10;-18.16;13.50;4.80
13:19:05;-18.10;-30.00;-30.00;17.40;-19.00;-18.10;-18.13;13.50;4.80
13:19:08;-18.10;-30.00;-30.01;17.40;-19.00;-18.10;-18.12;13.50;4.80
13:19:10;-18.10;-30.00;-30.02;17.40;-19.00;-18.20;-18.10;13.50;4.80
13:19:12;-18.10;-30.00;-30.02;17.40;-19.00;-18.10;-18.10;13.40;4.80
13:19:14;-18.10;-30.00;-30.02;17.40;-19.00;-18.10;-18.11;13.50;4.80
13:19:15;-18.10;-30.00;-30.01;17.40;-19.00;-18.10;-18.08;13.40;4.80
13:19:17;-18.10;-30.00;-30.00;17.40;-19.00;-18.10;-18.10;13.40;4.80
13:19:20;-18.10;-30.00;-30.00;17.40;-19.00;-18.10;-18.09;13.40;4.80
13:19:21;-18.10;-30.00;-30.00;17.40;-19.00;-18.10;-18.08;13.40;4.80
13:19:23;-18.10;-30.00;-30.00;17.40;-19.00;-18.10;-18.11;13.40;4.80
13:19:26;-18.10;-30.00;-29.97;17.40;-19.00;-18.10;-18.13;13.50;4.80
13:19:28;-18.10;-30.00;-29.97;17.40;-19.00;-18.10;-18.14;13.50;4.80
13:19:29;-18.10;-30.00;-30.01;17.40;-19.00;-18.10;-18.17;13.40;4.80
13:19:32;-18.10;-30.00;-30.00;17.40;-19.00;-18.10;-18.16;13.40;4.80
13:19:33;-18.10;-30.00;-29.99;17.40;-19.00;-18.20;-18.14;13.50;4.80
13:19:36;-18.10;-30.00;-29.99;17.40;-19.00;-18.20;-18.14;13.50;4.80
13:19:37;-18.10;-30.00;-29.99;17.40;-19.00;-18.20;-18.16;13.40;4.80
13:19:39;-18.10;-30.00;-30.00;17.40;-19.00;-18.20;-18.10;13.40;4.80
13:19:42;-18.10;-30.00;-29.98;17.40;-19.00;-18.10;-18.10;13.50;4.80
13:19:44;-18.10;-30.00;-29.99;17.40;-19.00;-18.10;-18.10;13.50;4.80
13:19:45;-18.10;-30.00;-30.01;17.40;-19.00;-18.10;-18.11;13.40;4.80
13:19:48;-18.10;-30.00;-30.00;17.40;-19.00;-18.10;-18.09;13.50;4.80
13:19:49;-18.10;-30.00;-30.01;17.40;-19.00;-18.10;-18.09;13.50;4.80
13:19:52;-18.10;-30.00;-30.02;17.40;-18.90;-18.10;-18.09;13.50;4.90
13:19:53;-18.10;-30.00;-30.02;17.40;-19.00;-18.10;-18.06;13.50;4.80
13:19:55;-18.10;-30.00;-30.01;17.40;-19.00;-18.10;-18.06;13.50;4.80
13:19:58;-18.10;-30.00;-30.00;17.40;-19.00;-18.10;-18.07;13.50;4.80
13:20:00;-18.10;-30.00;-30.01;17.40;-19.00;-18.10;-18.11;13.50;4.80
13:20:02;-18.10;-30.00;-30.03;17.40;-19.00;-18.10;-18.11;13.50;4.80
13:20:07;-18.10;-30.00;-30.02;17.40;-19.00;-18.10;-18.09;13.50;4.80
13:20:08;-18.10;-30.00;-30.00;17.40;-18.90;-18.10;-18.11;13.50;4.80
13:20:10;-18.10;-30.00;-29.98;17.40;-18.90;-18.10;-18.09;13.50;4.80
13:20:12;-18.10;-30.00;-29.99;17.40;-19.00;-18.10;-18.07;13.50;4.80
13:20:14;-18.10;-30.00;-30.00;17.40;-19.00;-18.10;-18.09;13.50;4.80
13:20:16;-18.10;-30.00;-30.02;17.40;-18.90;-18.10;-18.10;13.50;4.80
13:20:18;-18.10;-30.00;-30.04;17.40;-18.90;-18.10;-18.09;13.50;4.80
13:20:20;-18.10;-30.00;-30.04;17.40;-18.90;-18.10;-18.09;13.50;4.80
13:20:22;-18.10;-30.00;-30.03;17.40;-19.00;-18.10;-18.07;13.50;4.80
13:20:24;-18.10;-30.00;-29.99;17.40;-18.90;-18.10;-18.07;13.50;4.80
13:20:26;-18.10;-30.00;-29.99;17.40;-19.00;-18.10;-18.12;13.50;4.90
13:20:28;-18.10;-30.00;-30.01;17.40;-19.00;-18.10;-18.08;13.50;4.90
13:20:30;-18.10;-30.00;-30.02;17.40;-18.90;-18.10;-18.09;13.50;4.80
13:20:32;-18.10;-30.00;-30.00;17.40;-18.90;-18.10;-18.07;13.50;4.80
13:20:34;-18.10;-30.00;-30.00;17.40;-18.90;-18.10;-18.08;13.50;4.80
13:20:36;-18.10;-30.00;-30.00;17.40;-18.90;-18.10;-18.07;13.50;4.80
13:20:38;-18.10;-30.00;-30.00;17.40;-19.00;-18.00;-18.10;13.50;4.80
13:20:40;-18.10;-30.00;-29.98;17.40;-19.00;-18.00;-18.08;13.50;4.80
13:20:42;-18.10;-30.00;-30.00;17.40;-19.00;-18.10;-18.06;13.50;4.80
13:20:44;-18.10;-30.00;-30.00;17.40;-19.00;-18.10;-18.05;13.50;4.90
13:20:46;-18.10;-30.00;-29.98;17.40;-19.00;-18.00;-18.07;13.50;4.80
13:20:48;-18.10;-30.00;-29.96;17.40;-19.00;-18.00;-18.03;13.50;4.80
13:20:50;-18.10;-30.00;-29.96;17.40;-18.90;-18.00;-18.04;13.50;4.80
13:20:52;-18.10;-30.00;-29.99;17.40;-18.90;-18.00;-18.04;13.50;4.80
13:20:54;-18.10;-30.00;-30.01;17.40;-18.90;-18.00;-18.05;13.50;4.80
13:20:56;-18.10;-30.00;-30.00;17.40;-19.00;-18.00;-18.05;13.50;4.80
13:20:58;-18.10;-30.00;-30.01;17.40;-19.00;-18.10;-18.06;13.50;4.80
13:21:00;-18.10;-30.00;-30.01;17.40;-18.90;-18.10;-18.10;13.50;4.80
13:21:02;-18.10;-30.00;-30.01;17.40;-18.90;-18.10;-18.09;13.50;4.80
13:21:04;-18.10;-30.00;-30.00;17.40;-18.90;-18.10;-18.10;13.50;4.80
13:21:06;-18.10;-30.00;-29.99;17.40;-19.00;-18.10;-18.08;13.50;4.90
13:21:08;-18.10;-30.00;-29.99;17.40;-19.00;-18.10;-18.07;13.50;4.80
13:21:10;-18.10;-30.00;-30.01;17.40;-19.00;-18.10;-18.08;13.50;4.80
13:21:12;-18.10;-30.00;-30.01;17.40;-18.90;-18.10;-18.10;13.50;4.80
13:21:14;-18.10;-30.00;-29.99;17.40;-18.90;-18.10;-18.11;13.50;4.80
13:21:16;-18.10;-30.00;-30.00;17.40;-18.90;-18.00;-18.08;13.50;4.80
13:21:18;-18.10;-30.00;-30.02;17.40;-19.00;-18.10;-18.07;13.50;4.80
13:21:20;-18.10;-30.00;-30.01;17.40;-18.90;-18.10;-18.09;13.50;4.80
13:21:22;-18.10;-30.00;-30.00;17.40;-19.00;-18.10;-18.08;13.50;4.80
13:21:24;-18.10;-30.00;-29.98;17.40;-18.90;-18.10;-18.07;13.50;4.70
13:21:26;-18.10;-30.00;-29.97;17.40;-19.00;-18.10;-18.08;13.50;4.80
13:21:28;-18.10;-30.00;-29.98;17.40;-19.00;-18.10;-18.09;13.50;4.80
13:21:30;-18.10;-30.00;-29.99;17.40;-19.00;-18.10;-18.08;13.50;4.80
13:21:32;-18.10;-30.00;-29.99;17.40;-18.90;-18.10;-18.10;13.50;4.80
13:21:34;-18.10;-30.00;-29.99;17.40;-18.90;-18.10;-18.10;13.50;4.80
13:21:36;-18.10;-30.00;-30.00;17.40;-19.00;-18.10;-18.11;13.50;4.80
13:21:38;-18.10;-30.00;-30.00;17.40;-19.00;-18.10;-18.09;13.50;4.80
13:21:40;-18.10;-30.00;-30.00;17.40;-18.90;-18.00;-18.11;13.50;4.80
13:21:42;-18.10;-30.00;-30.01;17.40;-19.00;-18.10;-18.12;13.50;4.80
13:21:44;-18.10;-30.00;-29.98;17.40;-19.00;-18.10;-18.09;13.50;4.80
13:21:46;-18.10;-30.00;-29.98;17.40;-18.90;-18.10;-18.11;13.50;4.80
13:21:48;-18.10;-30.00;-29.98;17.40;-18.90;-18.10;-18.11;13.40;4.80
13:21:50;-18.10;-30.00;-29.99;17.40;-18.90;-18.10;-18.11;13.40;4.80
13:21:52;-18.10;-30.00;-30.00;17.40;-19.00;-18.10;-18.12;13.50;4.80
13:21:56;-18.10;-30.00;-30.01;17.40;-19.00;-18.10;-18.11;13.50;4.80
13:21:58;-18.10;-30.00;-30.00;17.40;-19.00;-18.10;-18.12;13.50;4.80
13:22:00;-18.10;-30.00;-30.01;17.40;-19.00;-18.10;-18.12;13.50;4.80
13:22:02;-18.10;-30.00;-30.01;17.40;-18.90;-18.10;-18.13;13.40;4.80
13:22:04;-18.10;-30.00;-30.01;17.40;-18.90;-18.10;-18.14;13.40;4.80
13:22:06;-18.10;-30.00;-30.00;17.40;-19.00;-18.10;-18.15;13.50;4.80
13:22:08;-18.10;-30.00;-30.02;17.40;-19.00;-18.10;-18.12;13.50;4.80
13:22:10;-18.10;-30.00;-30.01;17.40;-19.00;-18.10;-18.11;13.40;4.80
13:22:12;-18.10;-30.00;-30.01;17.40;-18.90;-18.10;-18.12;13.50;4.80
13:22:14;-18.10;-30.00;-30.02;17.40;-19.00;-18.10;-18.12;13.40;4.80
13:22:16;-18.10;-30.00;-30.01;17.40;-18.90;-18.10;-18.11;13.50;4.80
13:22:18;-18.10;-30.00;-30.01;17.40;-19.00;-18.10;-18.11;13.50;4.80
13:22:20;-18.10;-30.00;-30.01;17.40;-19.00;-18.10;-18.10;13.50;4.80
13:22:22;-18.10;-30.00;-30.01;17.40;-19.00;-18.10;-18.13;13.50;4.80
13:22:24;-18.10;-30.00;-29.96;17.40;-19.00;-18.10;-18.14;13.40;4.80
13:22:26;-18.10;-30.00;-29.98;17.40;-19.00;-18.10;-18.15;13.40;4.80
13:22:28;-18.10;-30.00;-30.00;17.40;-19.00;-18.10;-18.15;13.40;4.80
13:22:30;-18.10;-30.00;-30.03;17.40;-19.00;-18.20;-18.13;13.40;4.80
13:22:32;-18.10;-30.00;-30.03;17.40;-18.90;-18.20;-18.14;13.40;4.80
13:22:34;-18.10;-30.00;-30.02;17.40;-19.00;-18.10;-18.11;13.50;4.80
13:22:36;-18.10;-30.00;-30.02;17.40;-19.00;-18.20;-18.13;13.50;4.80
13:22:38;-18.10;-30.00;-30.01;17.40;-19.00;-18.10;-18.09;13.50;4.80
13:22:40;-18.10;-30.00;-30.00;17.40;-19.00;-18.10;-18.09;13.40;4.80
13:22:42;-18.10;-30.00;-30.01;17.40;-19.00;-18.10;-18.10;13.40;4.70
13:22:44;-18.10;-30.00;-30.01;17.40;-19.00;-18.20;-18.07;13.50;4.80
13:22:46;-18.10;-30.00;-30.00;17.40;-19.00;-18.10;-18.07;13.40;4.80
13:22:48;-18.10;-30.00;-30.00;17.40;-18.90;-18.10;-18.07;13.40;4.80
13:22:50;-18.10;-30.00;-30.00;17.40;-19.00;-18.10;-18.05;13.40;4.70
13:22:52;-18.10;-30.00;-30.01;17.40;-18.90;-18.10;-18.07;13.40;4.80
13:22:54;-18.10;-30.00;-29.99;17.40;-19.00;-18.10;-18.00;13.40;4.80
13:22:56;-18.10;-30.00;-29.98;17.40;-18.90;-18.10;-18.03;13.40;4.70
13:22:58;-18.10;-30.00;-29.98;17.40;-19.00;-18.10;-18.04;13.40;4.80
13:23:00;-18.10;-30.00;-29.98;17.40;-18.90;-18.10;-18.04;13.40;4.80
13:23:02;-18.10;-30.00;-29.97;17.40;-19.00;-18.10;-18.05;13.40;4.80
13:23:04;-18.10;-30.00;-29.97;17.40;-19.00;-18.10;-18.06;13.40;4.80
13:23:06;-18.10;-30.00;-29.99;17.40;-19.00;-18.10;-18.04;13.40;4.80
13:23:08;-18.10;-30.00;-30.00;17.40;-19.00;-18.10;-18.03;13.40;4.80
13:23:10;-18.10;-30.00;-30.02;17.40;-19.00;-18.10;-18.07;13.40;4.80
13:23:12;-18.10;-30.00;-30.00;17.40;-19.00;-18.10;-18.08;13.40;4.70
13:23:14;-18.10;-30.00;-29.98;17.40;-18.90;-18.20;-18.08;13.50;4.80
13:23:16;-18.10;-30.00;-29.98;17.40;-19.00;-18.10;-18.07;13.40;4.80
13:23:18;-18.10;-30.00;-29.99;17.40;-18.90;-18.10;-18.08;13.40;4.80
13:23:20;-18.10;-30.00;-30.00;17.40;-19.00;-18.10;-18.08;13.40;4.80
13:23:22;-18.10;-30.00;-30.00;17.40;-19.00;-18.10;-18.07;13.40;4.80
13:23:24;-18.10;-30.00;-29.99;17.40;-19.00;-18.10;-18.08;13.40;4.80
13:23:26;-18.10;-30.00;-30.00;17.40;-19.00;-18.10;-18.09;13.50;4.80
13:23:28;-18.10;-30.00;-30.00;17.40;-18.90;-18.10;-18.10;13.50;4.80
13:23:30;-18.10;-30.00;-30.01;17.40;-18.90;-18.10;-18.07;13.40;4.80
13:23:32;-18.10;-30.00;-30.00;17.40;-19.00;-18.10;-18.07;13.40;4.80
13:23:34;-18.10;-30.00;-30.00;17.40;-19.00;-18.20;-18.07;13.40;4.80
13:23:36;-18.10;-30.00;-30.01;17.40;-18.90;-18.20;-18.05;13.40;4.80
13:23:38;-18.10;-30.00;-30.01;17.40;-18.90;-18.10;-18.04;13.50;4.80
13:23:40;-18.10;-30.00;-30.01;17.40;-18.90;-18.10;-18.03;13.40;4.70
13:23:45;-18.10;-30.00;-30.01;17.40;-18.90;-18.10;-18.07;13.50;4.80
13:23:46;-18.10;-30.00;-30.01;17.40;-19.00;-18.10;-18.05;13.40;4.80
13:23:48;-18.10;-30.00;-30.01;17.40;-19.00;-18.10;-18.04;13.50;4.80
13:23:50;-18.10;-30.00;-30.00;17.40;-19.00;-18.10;-18.06;13.40;4.80
13:23:52;-18.10;-30.00;-30.01;17.40;-18.90;-18.10;-18.04;13.40;4.80
13:23:54;-18.10;-30.00;-29.98;17.40;-18.90;-18.10;-18.08;13.40;4.80
13:23:56;-18.10;-30.00;-29.99;17.40;-19.00;-18.10;-18.09;13.40;4.80
13:23:58;-18.10;-30.00;-30.00;17.40;-18.90;-18.10;-18.07;13.40;4.80
13:24:00;-18.10;-30.00;-29.99;17.40;-18.90;-18.10;-18.07;13.40;4.70
13:24:02;-18.10;-30.00;-29.99;17.40;-19.00;-18.20;-18.07;13.40;4.80
13:24:04;-18.10;-30.00;-29.99;17.40;-18.90;-18.20;-18.04;13.40;4.80
13:24:06;-18.10;-30.00;-30.01;17.40;-18.90;-18.10;-18.08;13.40;4.80
13:24:08;-18.10;-30.00;-30.01;17.40;-18.90;-18.10;-18.10;13.40;4.80
13:24:10;-18.10;-30.00;-30.01;17.40;-19.00;-18.20;-18.10;13.40;4.80
13:24:12;-18.10;-30.00;-30.01;17.40;-19.00;-18.20;-18.10;13.40;4.80
13:24:14;-18.10;-30.00;-30.00;17.40;-19.00;-18.20;-18.05;13.40;4.80
13:24:16;-18.10;-30.00;-30.01;17.40;-18.90;-18.20;-18.08;13.40;4.80
13:24:18;-18.10;-30.00;-30.00;17.40;-18.90;-18.20;-18.08;13.40;4.80
13:24:20;-18.10;-30.00;-30.01;17.40;-19.00;-18.20;-18.10;13.40;4.70
13:24:22;-18.10;-30.00;-29.98;17.40;-18.90;-18.20;-18.09;13.40;4.80
13:24:24;-18.10;-30.00;-29.97;17.40;-19.00;-18.20;-18.09;13.40;4.80
13:24:26;-18.10;-30.00;-30.00;17.40;-19.00;-18.20;-18.10;13.40;4.80
13:24:28;-18.10;-30.00;-29.99;17.40;-19.00;-18.20;-18.10;13.40;4.80
13:24:30;-18.10;-30.00;-29.99;17.40;-18.90;-18.20;-18.08;13.50;4.80
13:24:32;-18.10;-30.00;-30.01;17.40;-18.90;-18.20;-18.03;13.40;4.80
13:24:34;-18.10;-30.00;-30.02;17.40;-18.90;-18.20;-18.02;13.50;4.70
13:24:36;-18.10;-30.00;-30.03;17.40;-18.90;-18.20;-18.02;13.50;4.70
13:24:38;-18.10;-30.00;-30.03;17.40;-19.00;-18.10;-18.01;13.50;4.80
13:24:40;-18.10;-30.00;-30.03;17.40;-18.90;-18.10;-18.02;13.50;4.70
13:24:42;-18.10;-30.00;-30.02;17.40;-18.90;-18.10;-18.01;13.50;4.80
13:24:44;-18.10;-30.00;-30.03;17.40;-18.90;-18.10;-18.01;13.50;4.80
13:24:46;-18.10;-30.00;-30.01;17.40;-18.90;-18.10;-18.00;13.50;4.70
13:24:48;-18.10;-30.00;-30.01;17.40;-19.00;-18.10;-18.03;13.50;4.70
13:24:50;-18.10;-30.00;-30.02;17.40;-18.90;-18.10;-18.03;13.50;4.80
13:24:52;-18.10;-30.00;-30.02;17.40;-18.90;-18.10;-18.03;13.50;4.70
13:24:54;-18.10;-30.00;-30.02;17.40;-18.90;-18.10;-18.02;13.50;4.80
13:24:56;-18.10;-30.00;-30.00;17.40;-18.90;-18.10;-18.05;13.40;4.80
13:24:58;-18.10;-30.00;-29.99;17.40;-18.90;-18.10;-18.03;13.40;4.70
13:25:00;-18.10;-30.00;-30.00;17.40;-19.00;-18.10;-18.03;13.40;4.80
13:25:02;-18.10;-30.00;-29.99;17.40;-18.90;-18.10;-18.01;13.40;4.80
13:25:04;-18.10;-30.00;-29.99;17.40;-18.90;-18.10;-18.02;13.40;4.80
13:25:06;-18.10;-30.00;-30.00;17.40;-18.90;-18.00;-18.01;13.40;4.80
13:25:08;-18.10;-30.00;-30.01;17.40;-18.90;-18.00;-18.03;13.40;4.80
13:25:10;-18.10;-30.00;-29.97;17.40;-18.90;-18.00;-17.99;13.40;4.70
13:25:12;-18.10;-30.00;-29.97;17.40;-18.90;-18.00;-17.99;13.40;4.70
13:25:14;-18.10;-30.00;-30.00;17.40;-18.90;-18.10;-18.02;13.40;4.70
13:25:16;-18.10;-30.00;-30.02;17.40;-18.90;-18.10;-18.04;13.40;4.80
13:25:18;-18.10;-30.00;-30.01;17.40;-18.90;-18.10;-18.05;13.40;4.80
13:25:20;-18.10;-30.00;-30.00;17.40;-18.90;-18.10;-18.09;13.40;4.80
13:25:22;-18.10;-30.00;-29.98;17.40;-18.90;-18.10;-18.07;13.40;4.80
13:25:24;-18.10;-30.00;-29.98;17.40;-19.00;-18.10;-18.05;13.40;4.80
13:25:26;-18.10;-30.00;-29.99;17.40;-18.90;-18.10;-18.06;13.40;4.80
13:25:28;-18.10;-30.00;-29.99;17.40;-18.90;-18.10;-18.04;13.40;4.70
13:25:32;-18.10;-30.00;-30.01;17.40;-19.00;-18.10;-18.01;13.40;4.80
13:25:34;-18.10;-30.00;-30.01;17.40;-18.90;-18.10;-18.02;13.40;4.80
13:25:36;-18.10;-30.00;-30.01;17.40;-18.90;-18.10;-18.01;13.40;4.80
13:25:38;-18.10;-30.00;-30.00;17.40;-18.90;-18.20;-18.01;13.40;4.80
13:25:40;-18.10;-30.00;-29.99;17.40;-18.90;-18.10;-18.02;13.40;4.70
13:25:42;-18.10;-30.00;-29.97;17.40;-19.00;-18.10;-18.00;13.40;4.80
13:25:44;-18.10;-30.00;-29.98;17.40;-18.90;-18.10;-18.01;13.40;4.70
13:25:46;-18.10;-30.00;-29.98;17.40;-18.90;-18.10;-18.01;13.40;4.70
13:25:48;-18.10;-30.00;-29.99;17.40;-18.90;-18.10;-17.99;13.40;4.70
13:25:50;-18.10;-30.00;-30.00;17.40;-18.90;-18.10;-17.97;13.40;4.80
13:25:52;-18.10;-30.00;-30.01;17.40;-19.00;-18.10;-17.97;13.40;4.80
13:25:54;-18.10;-30.00;-29.98;17.40;-18.90;-18.10;-17.96;13.40;4.70
13:25:56;-18.10;-30.00;-29.99;17.40;-19.00;-18.10;-17.96;13.40;4.80
13:25:58;-18.10;-30.00;-29.98;17.40;-18.90;-18.10;-17.96;13.40;4.80
13:26:00;-18.10;-30.00;-29.99;17.40;-19.00;-18.10;-17.97;13.40;4.80
13:26:03;-18.10;-30.00;-30.00;17.40;-19.00;-18.10;-17.99;13.40;4.80
13:26:05;-18.10;-30.00;-30.02;17.40;-19.00;-18.10;-17.99;13.40;4.80
13:26:07;-18.10;-30.00;-30.02;17.40;-19.00;-18.20;-17.98;13.40;4.80
13:26:09;-18.10;-30.00;-30.02;17.40;-18.90;-18.10;-18.01;13.40;4.70
13:26:11;-18.10;-30.00;-30.03;17.40;-18.90;-18.10;-17.99;13.30;4.80
13:26:12;-18.10;-30.00;-30.03;17.40;-18.90;-18.10;-18.01;13.40;4.70
13:26:15;-18.10;-30.00;-30.02;17.40;-18.90;-18.10;-18.01;13.40;4.80
13:26:17;-18.10;-30.00;-30.02;17.40;-19.00;-18.10;-18.02;13.40;4.80
13:26:19;-18.10;-30.00;-30.01;17.40;-18.90;-18.20;-18.04;13.40;4.80
13:26:21;-18.10;-30.00;-30.00;17.40;-18.90;-18.20;-18.04;13.40;4.80
13:26:23;-18.10;-30.00;-30.00;17.40;-19.00;-18.20;-18.03;13.40;4.70
13:26:24;-18.10;-30.00;-30.01;17.40;-18.90;-18.20;-18.02;13.40;4.80
13:26:27;-18.10;-30.00;-30.00;17.40;-18.90;-18.20;-18.00;13.40;4.80
13:26:29;-18.10;-30.00;-30.00;17.40;-19.00;-18.20;-18.00;13.40;4.70
13:26:31;-18.10;-30.00;-30.01;17.40;-19.00;-18.10;-18.00;13.40;4.80
13:26:33;-18.10;-30.00;-30.01;17.40;-19.00;-18.10;-17.95;13.40;4.80
13:26:35;-18.10;-30.00;-30.02;17.40;-19.00;-18.10;-17.94;13.40;4.80
13:26:36;-18.10;-30.00;-30.02;17.40;-19.00;-18.10;-17.95;13.40;4.90
13:26:39;-18.10;-30.00;-30.03;17.40;-19.00;-18.10;-17.94;13.40;4.80
13:26:41;-18.10;-30.00;-29.99;17.40;-19.00;-18.10;-17.96;13.40;4.80
13:26:43;-18.10;-30.00;-29.98;17.40;-18.90;-18.20;-17.99;13.40;4.80
13:26:45;-18.10;-30.00;-30.00;17.40;-19.00;-18.20;-17.99;13.40;4.80
13:26:47;-18.10;-30.00;-30.01;17.40;-18.90;-18.10;-17.99;13.30;4.80
13:26:49;-18.10;-30.00;-30.00;17.40;-19.00;-18.10;-17.99;13.40;4.80
13:26:51;-18.10;-30.00;-30.00;17.40;-19.00;-18.10;-17.96;13.40;4.70
13:26:53;-18.10;-30.00;-30.01;17.40;-18.90;-18.10;-17.97;13.40;4.80
13:26:55;-18.10;-30.00;-30.02;17.40;-19.00;-18.10;-17.96;13.40;4.80
13:26:57;-18.10;-30.00;-30.02;17.40;-19.00;-18.10;-17.95;13.40;4.80
13:26:59;-18.10;-30.00;-30.02;17.40;-19.00;-18.10;-17.96;13.40;4.80
13:27:01;-18.10;-30.00;-30.01;17.40;-18.90;-18.10;-17.96;13.40;4.70
13:27:03;-18.10;-30.00;-30.01;17.40;-18.90;-18.10;-17.94;13.40;4.70
13:27:05;-18.10;-30.00;-30.02;17.40;-18.90;-18.00;-17.94;13.40;4.70
13:27:07;-18.10;-30.00;-30.01;17.40;-19.00;-18.00;-17.93;13.40;4.80
13:27:09;-18.10;-30.00;-30.03;17.40;-18.90;-18.00;-17.94;13.40;4.80
13:27:11;-18.10;-30.00;-30.01;17.40;-19.00;-18.00;-17.95;13.40;4.80
13:27:13;-18.10;-30.00;-30.01;17.40;-19.00;-18.10;-17.97;13.40;4.80
13:27:15;-18.10;-30.00;-29.99;17.40;-18.90;-18.10;-17.98;13.40;4.80
13:27:17;-18.10;-30.00;-30.00;17.40;-18.90;-18.10;-17.96;13.30;4.80
13:27:21;-18.10;-30.00;-29.99;17.40;-18.90;-18.10;-18.00;13.40;4.70
13:27:23;-18.10;-30.00;-29.98;17.40;-18.90;-18.10;-17.99;13.30;4.80
13:27:25;-18.10;-30.00;-29.99;17.40;-18.90;-18.10;-17.99;13.30;4.80
13:27:27;-18.10;-30.00;-30.01;17.40;-18.90;-18.10;-17.98;13.30;4.70
13:27:29;-18.10;-30.00;-30.01;17.40;-18.90;-18.10;-17.97;13.30;4.70
13:27:31;-18.10;-30.00;-29.98;17.40;-18.90;-18.10;-17.95;13.40;4.80
13:27:33;-18.10;-30.00;-29.98;17.40;-18.90;-18.10;-17.94;13.40;4.80
13:27:35;-18.10;-30.00;-29.97;17.40;-18.90;-18.10;-17.95;13.40;4.80
13:27:37;-18.10;-30.00;-29.98;17.40;-18.90;-18.10;-17.95;13.40;4.80
13:27:39;-18.10;-30.00;-29.99;17.40;-18.90;-18.10;-17.96;13.40;4.80
13:27:41;-18.10;-30.00;-30.00;17.40;-18.90;-18.10;-17.95;13.40;4.80
13:27:43;-18.10;-30.00;-30.00;17.40;-18.90;-18.10;-17.94;13.40;4.80
13:27:45;-18.10;-30.00;-29.99;17.40;-18.90;-18.10;-17.91;13.40;4.80
13:27:47;-18.10;-30.00;-29.95;17.40;-19.00;-18.10;-17.88;13.40;4.80
13:27:49;-18.10;-30.00;-29.95;17.40;-18.90;-18.10;-17.87;13.40;4.80
13:27:51;-18.10;-30.00;-29.96;17.40;-18.90;-18.10;-17.86;13.40;4.80
13:27:53;-18.10;-30.00;-29.95;17.40;-18.90;-18.10;-17.86;13.40;4.80
13:27:55;-18.10;-30.00;-29.97;17.40;-18.90;-18.10;-17.86;13.40;4.70
13:27:57;-18.10;-30.00;-29.98;17.40;-18.90;-18.10;-17.84;13.40;4.80
13:27:59;-18.10;-30.00;-29.98;17.40;-18.90;-18.00;-17.83;13.40;4.80
13:28:01;-18.10;-30.00;-29.98;17.40;-18.90;-18.00;-17.83;13.40;4.70
13:28:03;-18.10;-30.00;-29.99;17.40;-18.90;-18.00;-17.84;13.40;4.70
13:28:05;-18.10;-30.00;-30.00;17.40;-18.90;-18.00;-17.90;13.40;4.70
13:28:07;-18.10;-30.00;-30.00;17.40;-18.90;-18.00;-17.88;13.40;4.70
13:28:09;-18.10;-30.00;-29.99;17.40;-18.90;-18.00;-17.85;13.40;4.80
13:28:11;-18.10;-30.00;-29.99;17.40;-18.90;-18.00;-17.86;13.40;4.80
13:28:13;-18.10;-30.00;-30.00;17.40;-18.90;-18.00;-17.84;13.40;4.80
13:28:15;-18.10;-30.00;-30.01;17.40;-18.90;-18.00;-17.83;13.40;4.80
13:28:17;-18.10;-30.00;-30.01;17.40;-18.90;-18.00;-17.84;13.40;4.70
13:28:19;-18.10;-30.00;-30.02;17.40;-18.90;-18.00;-17.86;13.40;4.80
13:28:21;-18.10;-30.00;-30.02;17.40;-18.90;-18.00;-17.88;13.40;4.80
13:28:23;-18.10;-30.00;-29.99;17.40;-18.90;-18.00;-17.89;13.40;4.70
13:28:25;-18.10;-30.00;-29.99;17.40;-18.90;-18.00;-17.87;13.40;4.70
13:28:27;-18.10;-30.00;-29.99;17.40;-18.90;-18.00;-17.91;13.40;4.70
13:28:29;-18.10;-30.00;-30.00;17.40;-18.90;-18.00;-17.95;13.40;4.80
13:28:31;-18.10;-30.00;-29.99;17.40;-18.90;-18.00;-17.97;13.40;4.70
13:28:33;-18.10;-30.00;-29.99;17.40;-18.90;-18.10;-17.98;13.40;4.70
13:28:35;-18.10;-30.00;-30.00;17.40;-18.90;-18.20;-17.93;13.40;4.70
13:28:37;-18.10;-30.00;-30.00;17.40;-18.90;-18.10;-17.94;13.40;4.70
13:28:39;-18.10;-30.00;-29.99;17.40;-18.90;-18.10;-17.92;13.40;4.80
13:28:41;-18.10;-30.00;-30.00;17.40;-18.90;-18.10;-17.93;13.40;4.80
13:28:43;-18.10;-30.00;-30.01;17.40;-18.90;-18.10;-17.96;13.40;4.80
13:28:45;-18.10;-30.00;-30.00;17.40;-18.90;-18.10;-17.97;13.40;4.80
13:28:47;-18.10;-30.00;-29.97;17.40;-18.90;-18.10;-18.00;13.40;4.70
13:28:49;-18.10;-30.00;-29.98;17.40;-18.90;-18.10;-17.98;13.40;4.80
13:28:51;-18.10;-30.00;-29.99;17.40;-18.90;-18.10;-17.96;13.40;4.80
13:28:53;-18.10;-30.00;-29.98;17.40;-18.90;-18.10;-17.99;13.40;4.70
13:28:55;-18.10;-30.00;-30.01;17.40;-18.90;-18.10;-17.97;13.40;4.80
13:28:57;-18.10;-30.00;-30.02;17.40;-18.90;-18.00;-17.98;13.40;4.80
13:28:59;-18.10;-30.00;-30.01;17.40;-18.90;-18.10;-17.96;13.40;4.80
13:29:01;-18.10;-30.00;-30.00;17.40;-18.90;-18.10;-17.97;13.40;4.80
13:29:03;-18.10;-30.00;-29.99;17.40;-18.90;-18.10;-17.99;13.40;4.80
13:29:05;-18.10;-30.00;-29.99;17.40;-18.90;-18.10;-17.99;13.40;4.80
13:29:11;-18.10;-30.00;-30.04;17.40;-18.90;-18.10;-17.94;13.40;4.80
13:29:13;-18.10;-30.00;-30.04;17.40;-18.90;-18.10;-17.94;13.30;4.80
13:29:15;-18.10;-30.00;-30.03;17.40;-18.90;-18.00;-17.91;13.40;4.80
13:29:17;-18.10;-30.00;-30.03;17.40;-18.90;-18.00;-17.89;13.40;4.80
13:29:19;-18.10;-30.00;-30.02;17.40;-18.90;-18.00;-17.91;13.40;4.80
13:29:21;-18.10;-30.00;-29.99;17.40;-18.90;-18.00;-17.93;13.30;4.80
13:29:23;-18.10;-30.00;-30.00;17.40;-18.90;-18.00;-17.93;13.30;4.80
13:29:25;-18.10;-30.00;-30.01;17.40;-18.90;-18.00;-17.92;13.30;4.70
13:29:27;-18.10;-30.00;-30.01;17.40;-18.90;-18.00;-17.95;13.30;4.80
13:29:29;-18.10;-30.00;-30.01;17.40;-18.90;-18.10;-17.97;13.30;4.80
13:29:31;-18.10;-30.00;-30.02;17.40;-18.90;-18.10;-17.95;13.30;4.80
13:29:33;-18.10;-30.00;-30.01;17.40;-18.90;-18.10;-17.94;13.30;4.70
13:29:35;-18.10;-30.00;-30.00;17.40;-18.90;-18.10;-17.92;13.30;4.70
13:29:37;-18.10;-30.00;-29.98;17.40;-18.90;-18.10;-17.93;13.30;4.70
13:29:39;-18.10;-30.00;-29.98;17.40;-18.90;-18.10;-17.94;13.40;4.70
13:29:41;-18.10;-30.00;-29.98;17.40;-18.90;-18.10;-17.94;13.30;4.80
13:29:43;-18.10;-30.00;-29.98;17.40;-18.90;-18.10;-17.96;13.30;4.80
13:29:45;-18.10;-30.00;-30.00;17.40;-18.90;-18.10;-17.94;13.30;4.70
13:29:47;-18.10;-30.00;-29.99;17.40;-18.90;-18.10;-17.96;13.30;4.70
13:29:49;-18.10;-30.00;-29.99;17.40;-18.90;-18.10;-17.97;13.30;4.80
13:29:51;-18.10;-30.00;-29.99;17.40;-18.90;-18.10;-17.95;13.40;4.70
13:29:53;-18.10;-30.00;-29.99;17.40;-18.90;-18.10;-17.98;13.40;4.80
13:29:55;-18.10;-30.00;-29.99;17.40;-18.90;-18.10;-17.97;13.30;4.70
13:29:57;-18.10;-30.00;-29.98;17.40;-18.90;-18.00;-17.94;13.40;4.80
13:29:59;-18.10;-30.00;-29.98;17.40;-18.90;-18.10;-17.93;13.40;4.80
13:30:01;-18.10;-30.00;-29.99;17.40;-18.90;-18.10;-17.92;13.40;4.70
13:30:03;-18.10;-30.00;-30.01;17.40;-18.90;-18.10;-17.95;13.40;4.70
13:30:05;-18.10;-30.00;-30.00;17.40;-18.90;-18.10;-17.96;13.40;4.80
13:30:07;-18.10;-30.00;-30.01;17.40;-18.90;-18.10;-17.96;13.40;4.70
13:30:09;-18.10;-30.00;-30.01;17.40;-18.90;-18.20;-17.95;13.40;4.70
13:30:11;-18.10;-30.00;-30.02;17.40;-18.90;-18.20;-17.94;13.40;4.70
13:30:13;-18.10;-30.00;-30.02;17.40;-18.90;-18.20;-17.91;13.40;4.70
13:30:15;-18.10;-30.00;-30.02;17.40;-18.90;-18.20;-17.87;13.40;4.80
13:30:17;-18.10;-30.00;-30.03;17.40;-18.90;-18.20;-17.87;13.40;4.70
13:30:19;-18.10;-30.00;-30.03;17.40;-18.90;-18.20;-17.89;13.40;4.80
13:30:21;-18.10;-30.00;-30.00;17.40;-18.90;-18.20;-17.85;13.40;4.70
13:30:23;-18.10;-30.00;-30.00;17.40;-18.90;-18.10;-17.85;13.40;4.70
13:30:25;-18.10;-30.00;-30.00;17.40;-18.90;-18.10;-17.82;13.40;4.80
13:30:27;-18.10;-30.00;-30.01;17.40;-18.90;-18.10;-17.82;13.40;4.70
13:30:29;-18.10;-30.00;-30.01;17.40;-18.90;-18.00;-17.83;13.40;4.70
13:30:31;-18.10;-30.00;-30.02;17.40;-18.90;-18.10;-17.81;13.40;4.70
13:30:33;-18.10;-30.00;-30.02;17.40;-18.90;-18.00;-17.79;13.40;4.70
13:30:35;-18.10;-30.00;-30.00;17.40;-18.90;-18.00;-17.79;13.40;4.80
13:30:37;-18.10;-30.00;-30.01;17.40;-18.90;-18.00;-17.82;13.40;4.80
13:30:39;-18.10;-30.00;-30.00;17.40;-18.90;-18.00;-17.89;13.40;4.80
13:30:41;-18.10;-30.00;-29.97;17.40;-18.90;-18.00;-17.89;13.40;4.80
13:30:43;-18.10;-30.00;-29.98;17.40;-18.90;-18.10;-17.88;13.40;4.70
13:30:45;-18.10;-30.00;-29.99;17.40;-18.90;-18.10;-17.91;13.40;4.70
13:30:47;-18.10;-30.00;-29.99;17.40;-18.90;-18.10;-17.89;13.40;4.80
13:30:49;-18.10;-30.00;-29.99;17.40;-18.90;-18.10;-17.91;13.40;4.80
13:30:51;-18.10;-30.00;-29.99;17.40;-18.90;-18.10;-17.93;13.30;4.70
13:30:53;-18.10;-30.00;-29.95;17.40;-18.90;-18.20;-17.92;13.40;4.70
13:30:55;-18.10;-30.00;-29.95;17.40;-18.90;-18.20;-17.91;13.40;4.70
13:30:57;-18.10;-30.00;-29.97;17.40;-18.90;-18.20;-17.90;13.30;4.70
13:30:59;-18.10;-30.00;-29.99;17.40;-18.90;-18.10;-17.91;13.40;4.70
13:31:01;-18.10;-30.00;-30.01;17.40;-18.90;-18.10;-17.91;13.40;4.70
13:31:03;-18.10;-30.00;-30.03;17.40;-18.90;-18.10;-17.91;13.40;4.70
13:31:05;-18.10;-30.00;-30.02;17.40;-18.90;-18.20;-17.92;13.40;4.80
13:31:07;-18.10;-30.00;-29.99;17.40;-18.90;-18.10;-17.91;13.30;4.80
13:31:09;-18.10;-30.00;-29.99;17.40;-18.90;-18.10;-17.91;13.40;4.80
13:31:11;-18.10;-30.00;-30.00;17.40;-18.90;-18.20;-17.92;13.40;4.70
13:31:13;-18.10;-30.00;-29.98;17.40;-18.90;-18.10;-17.90;13.40;4.70
13:31:15;-18.10;-30.00;-29.99;17.40;-18.90;-18.20;-17.92;13.40;4.80
13:31:17;-18.10;-30.00;-30.00;17.40;-18.90;-18.20;-17.88;13.40;4.70
13:31:19;-18.10;-30.00;-30.00;17.40;-18.90;-18.20;-17.90;13.30;4.70
13:31:21;-18.10;-30.00;-30.02;17.40;-18.90;-18.20;-17.90;13.40;4.80
13:31:23;-18.10;-30.00;-30.01;17.40;-18.90;-18.10;-17.89;13.40;4.70
13:31:25;-18.10;-30.00;-30.03;17.40;-18.90;-18.10;-17.87;13.40;4.80
13:31:27;-18.10;-30.00;-30.03;17.40;-18.90;-18.10;-17.83;13.40;4.70
13:31:29;-18.10;-30.00;-30.02;17.40;-18.90;-18.10;-17.85;13.40;4.80
13:31:31;-18.10;-30.00;-29.99;17.40;-18.90;-18.00;-17.85;13.40;4.70
13:31:33;-18.10;-30.00;-30.01;17.40;-18.90;-18.10;-17.88;13.40;4.70
13:31:35;-18.10;-30.00;-30.01;17.40;-18.90;-18.10;-17.88;13.40;4.80
13:31:37;-18.10;-30.00;-30.01;17.40;-18.90;-18.00;-17.89;13.40;4.80
13:31:39;-18.10;-30.00;-30.01;17.40;-18.90;-18.10;-17.88;13.40;4.70
13:31:41;-18.10;-30.00;-30.00;17.40;-18.90;-18.10;-17.88;13.40;4.70
13:31:43;-18.10;-30.00;-30.01;17.40;-18.90;-18.10;-17.85;13.40;4.80
13:31:45;-18.10;-30.00;-30.00;17.40;-18.90;-18.00;-17.87;13.40;4.80
13:31:47;-18.10;-30.00;-30.01;17.40;-18.90;-18.00;-17.88;13.40;4.80
13:31:49;-18.10;-30.00;-30.02;17.40;-18.90;-18.00;-17.91;13.40;4.80
13:31:51;-18.10;-30.00;-30.01;17.40;-19.00;-18.00;-17.89;13.40;4.80
13:31:53;-18.10;-30.00;-30.02;17.40;-18.90;-18.10;-17.93;13.40;4.70
13:31:55;-18.10;-30.00;-30.01;17.40;-18.90;-18.10;-17.92;13.40;4.80
13:31:57;-18.10;-30.00;-30.02;17.40;-18.90;-18.20;-17.94;13.40;4.80
13:31:59;-18.10;-30.00;-30.02;17.40;-18.90;-18.20;-17.92;13.50;4.80
13:32:01;-18.10;-30.00;-30.00;17.40;-18.90;-18.20;-17.89;13.40;4.80
13:32:03;-18.10;-30.00;-29.98;17.40;-18.90;-18.20;-17.90;13.40;4.80
13:32:05;-18.10;-30.00;-29.98;17.40;-18.90;-18.20;-17.87;13.40;4.80
13:32:07;-18.10;-30.00;-29.99;17.40;-18.90;-18.10;-17.86;13.40;4.70
13:32:09;-18.10;-30.00;-30.00;17.40;-18.90;-18.10;-17.87;13.40;4.70
13:32:11;-18.10;-30.00;-30.02;17.40;-18.90;-18.10;-17.89;13.40;4.70
13:32:13;-18.10;-30.00;-30.01;17.40;-18.90;-18.10;-17.89;13.40;4.80
13:32:15;-18.10;-30.00;-29.98;17.40;-18.90;-18.10;-17.88;13.40;4.80
13:32:17;-18.10;-30.00;-29.98;17.40;-18.90;-18.10;-17.89;13.40;4.80
13:32:19;-18.10;-30.00;-29.99;17.40;-18.90;-18.10;-17.87;13.40;4.70
13:32:21;-18.10;-30.00;-30.01;17.40;-18.90;-18.10;-17.90;13.40;4.80
13:32:23;-18.10;-30.00;-30.01;17.40;-18.90;-18.10;-17.88;13.40;4.70
13:32:25;-18.10;-30.00;-30.01;17.40;-18.90;-18.20;-17.88;13.50;4.70
13:32:27;-18.10;-30.00;-30.00;17.40;-18.90;-18.10;-17.90;13.40;4.70
13:32:29;-18.10;-30.00;-29.99;17.40;-18.90;-18.10;-17.89;13.40;4.70
13:32:31;-18.10;-30.00;-29.96;17.40;-18.90;-18.10;-17.88;13.40;4.80
13:32:33;-18.10;-30.00;-29.95;17.40;-18.90;-18.10;-17.86;13.40;4.80
13:32:35;-18.10;-30.00;-29.98;17.40;-18.90;-18.00;-17.86;13.40;4.80
13:32:37;-18.10;-30.00;-29.99;17.40;-18.90;-18.00;-17.86;13.40;4.70
13:32:39;-18.10;-30.00;-30.00;17.40;-18.90;-18.00;-17.89;13.40;4.70
13:32:41;-18.10;-30.00;-30.01;17.40;-18.90;-18.00;-17.88;13.50;4.70
13:32:43;-18.10;-30.00;-30.00;17.40;-18.90;-18.00;-17.90;13.40;4.80
13:32:45;-18.10;-30.00;-30.00;17.40;-18.90;-18.10;-17.86;13.40;4.70
13:32:47;-18.10;-30.00;-29.99;17.40;-18.90;-18.10;-17.86;13.40;4.80
13:32:49;-18.10;-30.00;-30.00;17.40;-18.90;-18.10;-17.90;13.40;4.80
13:32:51;-18.10;-30.00;-30.01;17.40;-18.90;-18.10;-17.87;13.40;4.70
13:32:53;-18.10;-30.00;-30.00;17.40;-19.00;-18.10;-17.89;13.40;4.70
13:32:56;-18.10;-30.00;-29.99;17.40;-18.90;-18.10;-17.88;13.40;4.70
13:32:57;-18.10;-30.00;-30.00;17.40;-18.90;-18.10;-17.88;13.40;4.70
13:33:00;-18.10;-30.00;-29.99;17.40;-18.90;-18.10;-17.87;13.40;4.80
13:33:02;-18.10;-30.00;-30.00;17.40;-18.90;-18.10;-17.87;13.40;4.80
13:33:03;-18.10;-30.00;-30.00;17.40;-18.90;-18.10;-17.88;13.40;4.80
13:33:05;-18.10;-30.00;-30.01;17.40;-18.90;-18.10;-17.89;13.40;4.70
13:33:08;-18.10;-30.00;-30.00;17.40;-18.90;-18.10;-17.87;13.40;4.80
13:33:09;-18.10;-30.00;-29.98;17.40;-18.90;-18.10;-17.90;13.40;4.80
13:33:12;-18.10;-30.00;-29.98;17.40;-18.90;-18.10;-17.87;13.40;4.70
13:33:13;-18.10;-30.00;-29.98;17.40;-18.90;-18.10;-17.86;13.40;4.80
13:33:16;-18.10;-30.00;-29.99;17.40;-18.90;-18.10;-17.85;13.40;4.70
13:33:18;-18.10;-30.00;-29.99;17.40;-18.90;-18.10;-17.85;13.40;4.80
13:33:19;-18.10;-30.00;-29.99;17.40;-18.90;-18.10;-17.82;13.40;4.70
13:33:21;-18.10;-30.00;-29.99;17.40;-18.90;-18.10;-17.83;13.40;4.80
13:33:24;-18.10;-30.00;-29.97;17.40;-18.90;-18.10;-17.83;13.40;4.80
13:33:26;-18.10;-30.00;-30.00;17.40;-18.90;-18.10;-17.81;13.40;4.80
13:33:28;-18.10;-30.00;-30.01;17.40;-18.90;-18.10;-17.79;13.40;4.80
13:33:30;-18.10;-30.00;-30.01;17.40;-18.90;-18.10;-17.82;13.40;4.70
13:33:32;-18.10;-30.00;-30.00;17.40;-18.90;-18.10;-17.84;13.40;4.70
13:33:34;-18.10;-30.00;-30.00;17.40;-18.90;-18.10;-17.81;13.40;4.80
13:33:36;-18.10;-30.00;-30.00;17.40;-18.90;-18.10;-17.83;13.40;4.80
13:33:38;-18.10;-30.00;-30.00;17.40;-18.90;-18.10;-17.87;13.50;4.80
13:33:40;-18.10;-30.00;-30.00;17.40;-18.90;-18.10;-17.84;13.40;4.80
13:33:42;-18.10;-30.00;-30.01;17.40;-18.90;-18.10;-17.87;13.50;4.70
13:33:44;-18.10;-30.00;-30.00;17.40;-18.90;-18.10;-17.86;13.50;4.70
13:33:46;-18.10;-30.00;-30.00;17.40;-18.90;-18.10;-17.85;13.50;4.70
13:33:48;-18.10;-30.00;-30.00;17.40;-18.90;-18.10;-17.84;13.50;4.70
13:33:50;-18.10;-30.00;-29.98;17.40;-18.90;-18.10;-17.85;13.50;4.80
13:33:52;-18.10;-30.00;-29.99;17.40;-18.90;-18.10;-17.80;13.50;4.70
13:33:54;-18.10;-30.00;-30.01;17.40;-18.90;-18.10;-17.82;13.40;4.70
13:33:56;-18.10;-30.00;-30.01;17.40;-18.90;-18.00;-17.81;13.40;4.70
13:33:58;-18.10;-30.00;-30.01;17.40;-18.90;-18.00;-17.81;13.40;4.70
13:34:00;-18.10;-30.00;-30.00;17.40;-18.90;-18.00;-17.82;13.40;4.80
13:34:02;-18.10;-30.00;-30.00;17.40;-18.90;-18.00;-17.79;13.50;4.80
13:34:04;-18.10;-30.00;-30.00;17.40;-18.90;-18.00;-17.79;13.50;4.80
13:34:06;-18.10;-30.00;-29.98;17.40;-18.90;-18.10;-17.79;13.40;4.80
13:34:08;-18.10;-30.00;-29.99;17.40;-18.90;-18.10;-17.82;13.40;4.70
13:34:10;-18.10;-30.00;-30.00;17.40;-19.00;-18.10;-17.86;13.40;4.70
13:34:12;-18.10;-30.00;-30.00;17.40;-18.90;-18.10;-17.85;13.40;4.70
13:34:14;-18.10;-30.00;-29.98;17.40;-18.90;-18.10;-17.87;13.40;4.70
13:34:16;-18.10;-30.00;-30.00;17.40;-18.90;-18.10;-17.86;13.40;4.70
13:34:18;-18.10;-30.00;-30.01;17.40;-18.90;-18.10;-17.84;13.40;4.70
13:34:20;-18.10;-30.00;-30.00;17.40;-18.90;-18.10;-17.82;13.40;4.70
13:34:22;-18.10;-30.00;-29.99;17.40;-18.90;-18.10;-17.84;13.40;4.80
13:34:24;-18.10;-30.00;-30.00;17.40;-18.90;-18.10;-17.81;13.40;4.70
13:34:26;-18.10;-30.00;-30.02;17.40;-18.90;-18.10;-17.84;13.40;4.70
13:34:28;-18.10;-30.00;-30.00;17.40;-18.90;-18.10;-17.84;13.40;4.70
13:34:30;-18.10;-30.00;-29.99;17.40;-18.90;-18.10;-17.85;13.40;4.80
13:34:32;-18.10;-30.00;-30.00;17.40;-18.90;-18.10;-17.84;13.40;4.80
13:34:34;-18.10;-30.00;-30.01;17.40;-19.00;-18.10;-17.87;13.40;4.80
13:34:36;-18.10;-30.00;-30.01;17.40;-18.90;-18.10;-17.85;13.40;4.70
13:34:38;-18.10;-30.00;-30.00;17.40;-18.90;-18.10;-17.83;13.40;4.70
13:34:40;-18.10;-30.00;-30.00;17.40;-18.90;-18.10;-17.81;13.40;4.70
13:34:42;-18.10;-30.00;-29.99;17.40;-19.00;-18.10;-17.82;13.40;4.80
